{
  "args": {
    "methods": [
      "fairds-2"
    ],
    "seeds": [
      0,
      1,
      2,
      3,
      4,
      5,
      6,
      7,
      8,
      9
    ],
    "ratios": [
      0.9
    ],
    "strengths": [
      0.9
    ],
    "epochs": 30,
    "n_train": 5000,
    "batch_size": 128,
    "lr": 0.02,
    "alpha": 0.5,
    "temperature": 0.1,
    "weight_scale": 4.0,
    "arm": "parallel",
    "device": "cuda",
    "out_root": "results/e5_resid_abl/parallel"
  },
  "runs": [
    {
      "method": "fairds-2",
      "seed": 0,
      "majority_ratio": 0.9,
      "p_corr_majority": 0.9,
      "arm": "parallel",
      "epochs": 30,
      "lr": 0.02,
      "alpha": 0.5,
      "temperature": 0.1,
      "weight_scale": 4.0,
      "n_train": 5000,
      "val_eval_acc": 0.722000002861023,
      "val_eval_worst": 0.6200000047683716,
      "val_eval_acc_g0": 0.8240000009536743,
      "val_eval_acc_g1": 0.6200000047683716,
      "test_acc": 0.4345000088214874,
      "test_worst": 0.3837597370147705,
      "test_acc_aligned": 0.8861386179924011,
      "test_acc_flipped": 0.3837597370147705,
      "w_std_mean": 2.530637753556172,
      "walltime_sec": 22.778379678726196
    },
    {
      "method": "fairds-2",
      "seed": 1,
      "majority_ratio": 0.9,
      "p_corr_majority": 0.9,
      "arm": "parallel",
      "epochs": 30,
      "lr": 0.02,
      "alpha": 0.5,
      "temperature": 0.1,
      "weight_scale": 4.0,
      "n_train": 5000,
      "val_eval_acc": 0.7319999933242798,
      "val_eval_worst": 0.699999988079071,
      "val_eval_acc_g0": 0.7639999985694885,
      "val_eval_acc_g1": 0.699999988079071,
      "test_acc": 0.5460000038146973,
      "test_worst": 0.5108999609947205,
      "test_acc_aligned": 0.8436018824577332,
      "test_acc_flipped": 0.5108999609947205,
      "w_std_mean": 2.702992633531491,
      "walltime_sec": 15.295387744903564
    },
    {
      "method": "fairds-2",
      "seed": 2,
      "majority_ratio": 0.9,
      "p_corr_majority": 0.9,
      "arm": "parallel",
      "epochs": 30,
      "lr": 0.02,
      "alpha": 0.5,
      "temperature": 0.1,
      "weight_scale": 4.0,
      "n_train": 5000,
      "val_eval_acc": 0.6980000138282776,
      "val_eval_worst": 0.5839999914169312,
      "val_eval_acc_g0": 0.8119999766349792,
      "val_eval_acc_g1": 0.5839999914169312,
      "test_acc": 0.47749999165534973,
      "test_worst": 0.4360400438308716,
      "test_acc_aligned": 0.8465346693992615,
      "test_acc_flipped": 0.4360400438308716,
      "w_std_mean": 2.7493363668272894,
      "walltime_sec": 12.116828203201294
    },
    {
      "method": "fairds-2",
      "seed": 3,
      "majority_ratio": 0.9,
      "p_corr_majority": 0.9,
      "arm": "parallel",
      "epochs": 30,
      "lr": 0.02,
      "alpha": 0.5,
      "temperature": 0.1,
      "weight_scale": 4.0,
      "n_train": 5000,
      "val_eval_acc": 0.7080000042915344,
      "val_eval_worst": 0.5720000267028809,
      "val_eval_acc_g0": 0.843999981880188,
      "val_eval_acc_g1": 0.5720000267028809,
      "test_acc": 0.3869999945163727,
      "test_worst": 0.3440392017364502,
      "test_acc_aligned": 0.8711656332015991,
      "test_acc_flipped": 0.3440392017364502,
      "w_std_mean": 2.248987010171016,
      "walltime_sec": 12.49410104751587
    },
    {
      "method": "fairds-2",
      "seed": 4,
      "majority_ratio": 0.9,
      "p_corr_majority": 0.9,
      "arm": "parallel",
      "epochs": 30,
      "lr": 0.02,
      "alpha": 0.5,
      "temperature": 0.1,
      "weight_scale": 4.0,
      "n_train": 5000,
      "val_eval_acc": 0.7379999756813049,
      "val_eval_worst": 0.6359999775886536,
      "val_eval_acc_g0": 0.8399999737739563,
      "val_eval_acc_g1": 0.6359999775886536,
      "test_acc": 0.46799999475479126,
      "test_worst": 0.4254727363586426,
      "test_acc_aligned": 0.8465346693992615,
      "test_acc_flipped": 0.4254727363586426,
      "w_std_mean": 2.5063291849195957,
      "walltime_sec": 16.178593635559082
    },
    {
      "method": "fairds-2",
      "seed": 5,
      "majority_ratio": 0.9,
      "p_corr_majority": 0.9,
      "arm": "parallel",
      "epochs": 30,
      "lr": 0.02,
      "alpha": 0.5,
      "temperature": 0.1,
      "weight_scale": 4.0,
      "n_train": 5000,
      "val_eval_acc": 0.6959999799728394,
      "val_eval_worst": 0.656000018119812,
      "val_eval_acc_g0": 0.7360000014305115,
      "val_eval_acc_g1": 0.656000018119812,
      "test_acc": 0.546999990940094,
      "test_worst": 0.5201342105865479,
      "test_acc_aligned": 0.7735849022865295,
      "test_acc_flipped": 0.5201342105865479,
      "w_std_mean": 2.5656766307353975,
      "walltime_sec": 15.943131685256958
    },
    {
      "method": "fairds-2",
      "seed": 6,
      "majority_ratio": 0.9,
      "p_corr_majority": 0.9,
      "arm": "parallel",
      "epochs": 30,
      "lr": 0.02,
      "alpha": 0.5,
      "temperature": 0.1,
      "weight_scale": 4.0,
      "n_train": 5000,
      "val_eval_acc": 0.7139999866485596,
      "val_eval_worst": 0.5879999995231628,
      "val_eval_acc_g0": 0.8399999737739563,
      "val_eval_acc_g1": 0.5879999995231628,
      "test_acc": 0.3240000009536743,
      "test_worst": 0.26082131266593933,
      "test_acc_aligned": 0.8989899158477783,
      "test_acc_flipped": 0.26082131266593933,
      "w_std_mean": 2.625793737322092,
      "walltime_sec": 14.05993103981018
    },
    {
      "method": "fairds-2",
      "seed": 7,
      "majority_ratio": 0.9,
      "p_corr_majority": 0.9,
      "arm": "parallel",
      "epochs": 30,
      "lr": 0.02,
      "alpha": 0.5,
      "temperature": 0.1,
      "weight_scale": 4.0,
      "n_train": 5000,
      "val_eval_acc": 0.7419999837875366,
      "val_eval_worst": 0.6039999723434448,
      "val_eval_acc_g0": 0.8799999952316284,
      "val_eval_acc_g1": 0.6039999723434448,
      "test_acc": 0.3095000088214874,
      "test_worst": 0.24073049426078796,
      "test_acc_aligned": 0.9533678889274597,
      "test_acc_flipped": 0.24073049426078796,
      "w_std_mean": 2.7313890674710275,
      "walltime_sec": 11.868914127349854
    },
    {
      "method": "fairds-2",
      "seed": 8,
      "majority_ratio": 0.9,
      "p_corr_majority": 0.9,
      "arm": "parallel",
      "epochs": 30,
      "lr": 0.02,
      "alpha": 0.5,
      "temperature": 0.1,
      "weight_scale": 4.0,
      "n_train": 5000,
      "val_eval_acc": 0.7540000081062317,
      "val_eval_worst": 0.6600000262260437,
      "val_eval_acc_g0": 0.8479999899864197,
      "val_eval_acc_g1": 0.6600000262260437,
      "test_acc": 0.48500001430511475,
      "test_worst": 0.4403771460056305,
      "test_acc_aligned": 0.893401026725769,
      "test_acc_flipped": 0.4403771460056305,
      "w_std_mean": 2.2895845500628154,
      "walltime_sec": 12.4654061794281
    },
    {
      "method": "fairds-2",
      "seed": 9,
      "majority_ratio": 0.9,
      "p_corr_majority": 0.9,
      "arm": "parallel",
      "epochs": 30,
      "lr": 0.02,
      "alpha": 0.5,
      "temperature": 0.1,
      "weight_scale": 4.0,
      "n_train": 5000,
      "val_eval_acc": 0.7559999823570251,
      "val_eval_worst": 0.6159999966621399,
      "val_eval_acc_g0": 0.8960000276565552,
      "val_eval_acc_g1": 0.6159999966621399,
      "test_acc": 0.29899999499320984,
      "test_worst": 0.22825485467910767,
      "test_acc_aligned": 0.9538461565971375,
      "test_acc_flipped": 0.22825485467910767,
      "w_std_mean": 2.960889417976141,
      "walltime_sec": 12.112709760665894
    }
  ],
  "total_walltime_sec": 145.31385111808777
}