{
  "args": {
    "methods": [
      "fairds-1"
    ],
    "seeds": [
      0,
      1,
      2,
      3,
      4,
      5,
      6,
      7,
      8,
      9
    ],
    "ratios": [
      0.9
    ],
    "strengths": [
      0.9
    ],
    "epochs": 30,
    "n_train": 5000,
    "batch_size": 128,
    "lr": 0.02,
    "alpha": 0.5,
    "temperature": 0.05,
    "weight_scale": 4.0,
    "device": "cuda",
    "out_root": "results/e5_smooth_abl/temp0.05"
  },
  "runs": [
    {
      "method": "fairds-1",
      "seed": 0,
      "majority_ratio": 0.9,
      "p_corr_majority": 0.9,
      "epochs": 30,
      "lr": 0.02,
      "alpha": 0.5,
      "temperature": 0.05,
      "weight_scale": 4.0,
      "n_train": 5000,
      "val_eval_acc": 0.7360000014305115,
      "val_eval_worst": 0.6439999938011169,
      "val_eval_acc_g0": 0.828000009059906,
      "val_eval_acc_g1": 0.6439999938011169,
      "test_acc": 0.4625000059604645,
      "test_worst": 0.4137931168079376,
      "test_acc_aligned": 0.896039605140686,
      "test_acc_flipped": 0.4137931168079376,
      "w_std_mean": 3.4761008232831956,
      "walltime_sec": 15.644710302352905
    },
    {
      "method": "fairds-1",
      "seed": 1,
      "majority_ratio": 0.9,
      "p_corr_majority": 0.9,
      "epochs": 30,
      "lr": 0.02,
      "alpha": 0.5,
      "temperature": 0.05,
      "weight_scale": 4.0,
      "n_train": 5000,
      "val_eval_acc": 0.7480000257492065,
      "val_eval_worst": 0.6800000071525574,
      "val_eval_acc_g0": 0.8159999847412109,
      "val_eval_acc_g1": 0.6800000071525574,
      "test_acc": 0.40799999237060547,
      "test_worst": 0.34991616010665894,
      "test_acc_aligned": 0.900473952293396,
      "test_acc_flipped": 0.34991616010665894,
      "w_std_mean": 3.429822077850501,
      "walltime_sec": 15.153101921081543
    },
    {
      "method": "fairds-1",
      "seed": 2,
      "majority_ratio": 0.9,
      "p_corr_majority": 0.9,
      "epochs": 30,
      "lr": 0.02,
      "alpha": 0.5,
      "temperature": 0.05,
      "weight_scale": 4.0,
      "n_train": 5000,
      "val_eval_acc": 0.7020000219345093,
      "val_eval_worst": 0.5199999809265137,
      "val_eval_acc_g0": 0.8840000033378601,
      "val_eval_acc_g1": 0.5199999809265137,
      "test_acc": 0.20350000262260437,
      "test_worst": 0.11624027043581009,
      "test_acc_aligned": 0.9801980257034302,
      "test_acc_flipped": 0.11624027043581009,
      "w_std_mean": 3.402363036175569,
      "walltime_sec": 10.312346458435059
    },
    {
      "method": "fairds-1",
      "seed": 3,
      "majority_ratio": 0.9,
      "p_corr_majority": 0.9,
      "epochs": 30,
      "lr": 0.02,
      "alpha": 0.5,
      "temperature": 0.05,
      "weight_scale": 4.0,
      "n_train": 5000,
      "val_eval_acc": 0.7200000286102295,
      "val_eval_worst": 0.6039999723434448,
      "val_eval_acc_g0": 0.8360000252723694,
      "val_eval_acc_g1": 0.6039999723434448,
      "test_acc": 0.43149998784065247,
      "test_worst": 0.39303210377693176,
      "test_acc_aligned": 0.8650306463241577,
      "test_acc_flipped": 0.39303210377693176,
      "w_std_mean": 3.1724490618705747,
      "walltime_sec": 9.265230655670166
    },
    {
      "method": "fairds-1",
      "seed": 4,
      "majority_ratio": 0.9,
      "p_corr_majority": 0.9,
      "epochs": 30,
      "lr": 0.02,
      "alpha": 0.5,
      "temperature": 0.05,
      "weight_scale": 4.0,
      "n_train": 5000,
      "val_eval_acc": 0.7379999756813049,
      "val_eval_worst": 0.6039999723434448,
      "val_eval_acc_g0": 0.871999979019165,
      "val_eval_acc_g1": 0.6039999723434448,
      "test_acc": 0.4284999966621399,
      "test_worst": 0.3781979978084564,
      "test_acc_aligned": 0.8762376308441162,
      "test_acc_flipped": 0.3781979978084564,
      "w_std_mean": 3.488405169248581,
      "walltime_sec": 9.163661479949951
    },
    {
      "method": "fairds-1",
      "seed": 5,
      "majority_ratio": 0.9,
      "p_corr_majority": 0.9,
      "epochs": 30,
      "lr": 0.02,
      "alpha": 0.5,
      "temperature": 0.05,
      "weight_scale": 4.0,
      "n_train": 5000,
      "val_eval_acc": 0.7160000205039978,
      "val_eval_worst": 0.6079999804496765,
      "val_eval_acc_g0": 0.8240000009536743,
      "val_eval_acc_g1": 0.6079999804496765,
      "test_acc": 0.40700000524520874,
      "test_worst": 0.34955257177352905,
      "test_acc_aligned": 0.8915094137191772,
      "test_acc_flipped": 0.34955257177352905,
      "w_std_mean": 3.301763991912206,
      "walltime_sec": 9.187851190567017
    },
    {
      "method": "fairds-1",
      "seed": 6,
      "majority_ratio": 0.9,
      "p_corr_majority": 0.9,
      "epochs": 30,
      "lr": 0.02,
      "alpha": 0.5,
      "temperature": 0.05,
      "weight_scale": 4.0,
      "n_train": 5000,
      "val_eval_acc": 0.7319999933242798,
      "val_eval_worst": 0.6039999723434448,
      "val_eval_acc_g0": 0.8600000143051147,
      "val_eval_acc_g1": 0.6039999723434448,
      "test_acc": 0.3294999897480011,
      "test_worst": 0.2619311809539795,
      "test_acc_aligned": 0.9444444179534912,
      "test_acc_flipped": 0.2619311809539795,
      "w_std_mean": 3.467925799290339,
      "walltime_sec": 9.21774435043335
    },
    {
      "method": "fairds-1",
      "seed": 7,
      "majority_ratio": 0.9,
      "p_corr_majority": 0.9,
      "epochs": 30,
      "lr": 0.02,
      "alpha": 0.5,
      "temperature": 0.05,
      "weight_scale": 4.0,
      "n_train": 5000,
      "val_eval_acc": 0.734000027179718,
      "val_eval_worst": 0.6759999990463257,
      "val_eval_acc_g0": 0.7919999957084656,
      "val_eval_acc_g1": 0.6759999990463257,
      "test_acc": 0.453000009059906,
      "test_worst": 0.40841174125671387,
      "test_acc_aligned": 0.8704662919044495,
      "test_acc_flipped": 0.40841174125671387,
      "w_std_mean": 3.2401974080502987,
      "walltime_sec": 9.209527730941772
    },
    {
      "method": "fairds-1",
      "seed": 8,
      "majority_ratio": 0.9,
      "p_corr_majority": 0.9,
      "epochs": 30,
      "lr": 0.02,
      "alpha": 0.5,
      "temperature": 0.05,
      "weight_scale": 4.0,
      "n_train": 5000,
      "val_eval_acc": 0.7620000243186951,
      "val_eval_worst": 0.6759999990463257,
      "val_eval_acc_g0": 0.8479999899864197,
      "val_eval_acc_g1": 0.6759999990463257,
      "test_acc": 0.49149999022483826,
      "test_worst": 0.44980588555336,
      "test_acc_aligned": 0.8730964660644531,
      "test_acc_flipped": 0.44980588555336,
      "w_std_mean": 3.349627148111661,
      "walltime_sec": 9.271512985229492
    },
    {
      "method": "fairds-1",
      "seed": 9,
      "majority_ratio": 0.9,
      "p_corr_majority": 0.9,
      "epochs": 30,
      "lr": 0.02,
      "alpha": 0.5,
      "temperature": 0.05,
      "weight_scale": 4.0,
      "n_train": 5000,
      "val_eval_acc": 0.7099999785423279,
      "val_eval_worst": 0.5559999942779541,
      "val_eval_acc_g0": 0.8640000224113464,
      "val_eval_acc_g1": 0.5559999942779541,
      "test_acc": 0.25,
      "test_worst": 0.1772853136062622,
      "test_acc_aligned": 0.9230769276618958,
      "test_acc_flipped": 0.1772853136062622,
      "w_std_mean": 3.5244933630526067,
      "walltime_sec": 9.264057874679565
    }
  ],
  "total_walltime_sec": 105.69019079208374
}