{
  "args": {
    "methods": [
      "fairds-2"
    ],
    "seeds": [
      10,
      11,
      12,
      13,
      14,
      15,
      16,
      17,
      18,
      19
    ],
    "ratios": [
      0.9
    ],
    "strengths": [
      0.9
    ],
    "epochs": 30,
    "n_train": 5000,
    "batch_size": 128,
    "lr": 0.02,
    "alpha": 0.5,
    "temperature": 0.1,
    "weight_scale": 4.0,
    "arm": "parallel",
    "device": "cuda",
    "out_root": "results/e5_resid_abl/parallel"
  },
  "runs": [
    {
      "method": "fairds-2",
      "seed": 10,
      "majority_ratio": 0.9,
      "p_corr_majority": 0.9,
      "arm": "parallel",
      "epochs": 30,
      "lr": 0.02,
      "alpha": 0.5,
      "temperature": 0.1,
      "weight_scale": 4.0,
      "n_train": 5000,
      "val_eval_acc": 0.7279999852180481,
      "val_eval_worst": 0.6240000128746033,
      "val_eval_acc_g0": 0.8320000171661377,
      "val_eval_acc_g1": 0.6240000128746033,
      "test_acc": 0.3179999887943268,
      "test_worst": 0.25455549359321594,
      "test_acc_aligned": 0.9259259104728699,
      "test_acc_flipped": 0.25455549359321594,
      "w_std_mean": 2.6411146937310694,
      "walltime_sec": 15.177304029464722
    },
    {
      "method": "fairds-2",
      "seed": 11,
      "majority_ratio": 0.9,
      "p_corr_majority": 0.9,
      "arm": "parallel",
      "epochs": 30,
      "lr": 0.02,
      "alpha": 0.5,
      "temperature": 0.1,
      "weight_scale": 4.0,
      "n_train": 5000,
      "val_eval_acc": 0.7179999947547913,
      "val_eval_worst": 0.6480000019073486,
      "val_eval_acc_g0": 0.7879999876022339,
      "val_eval_acc_g1": 0.6480000019073486,
      "test_acc": 0.45649999380111694,
      "test_worst": 0.40742793679237366,
      "test_acc_aligned": 0.9081632494926453,
      "test_acc_flipped": 0.40742793679237366,
      "w_std_mean": 2.679311052064101,
      "walltime_sec": 13.125064849853516
    },
    {
      "method": "fairds-2",
      "seed": 12,
      "majority_ratio": 0.9,
      "p_corr_majority": 0.9,
      "arm": "parallel",
      "epochs": 30,
      "lr": 0.02,
      "alpha": 0.5,
      "temperature": 0.1,
      "weight_scale": 4.0,
      "n_train": 5000,
      "val_eval_acc": 0.734000027179718,
      "val_eval_worst": 0.6240000128746033,
      "val_eval_acc_g0": 0.843999981880188,
      "val_eval_acc_g1": 0.6240000128746033,
      "test_acc": 0.4359999895095825,
      "test_worst": 0.40011006593704224,
      "test_acc_aligned": 0.7923497557640076,
      "test_acc_flipped": 0.40011006593704224,
      "w_std_mean": 2.473675187329451,
      "walltime_sec": 13.863940954208374
    },
    {
      "method": "fairds-2",
      "seed": 13,
      "majority_ratio": 0.9,
      "p_corr_majority": 0.9,
      "arm": "parallel",
      "epochs": 30,
      "lr": 0.02,
      "alpha": 0.5,
      "temperature": 0.1,
      "weight_scale": 4.0,
      "n_train": 5000,
      "val_eval_acc": 0.7200000286102295,
      "val_eval_worst": 0.6079999804496765,
      "val_eval_acc_g0": 0.8320000171661377,
      "val_eval_acc_g1": 0.6079999804496765,
      "test_acc": 0.5184999704360962,
      "test_worst": 0.4879385828971863,
      "test_acc_aligned": 0.8352272510528564,
      "test_acc_flipped": 0.4879385828971863,
      "w_std_mean": 2.1729198411355415,
      "walltime_sec": 12.518223762512207
    },
    {
      "method": "fairds-2",
      "seed": 14,
      "majority_ratio": 0.9,
      "p_corr_majority": 0.9,
      "arm": "parallel",
      "epochs": 30,
      "lr": 0.02,
      "alpha": 0.5,
      "temperature": 0.1,
      "weight_scale": 4.0,
      "n_train": 5000,
      "val_eval_acc": 0.722000002861023,
      "val_eval_worst": 0.6520000100135803,
      "val_eval_acc_g0": 0.7919999957084656,
      "val_eval_acc_g1": 0.6520000100135803,
      "test_acc": 0.45750001072883606,
      "test_worst": 0.4071388840675354,
      "test_acc_aligned": 0.8937197923660278,
      "test_acc_flipped": 0.4071388840675354,
      "w_std_mean": 2.5448511114716528,
      "walltime_sec": 12.440017223358154
    },
    {
      "method": "fairds-2",
      "seed": 15,
      "majority_ratio": 0.9,
      "p_corr_majority": 0.9,
      "arm": "parallel",
      "epochs": 30,
      "lr": 0.02,
      "alpha": 0.5,
      "temperature": 0.1,
      "weight_scale": 4.0,
      "n_train": 5000,
      "val_eval_acc": 0.7260000109672546,
      "val_eval_worst": 0.6000000238418579,
      "val_eval_acc_g0": 0.8519999980926514,
      "val_eval_acc_g1": 0.6000000238418579,
      "test_acc": 0.41100001335144043,
      "test_worst": 0.3537946343421936,
      "test_acc_aligned": 0.9038461446762085,
      "test_acc_flipped": 0.3537946343421936,
      "w_std_mean": 2.236693973094225,
      "walltime_sec": 12.379596471786499
    },
    {
      "method": "fairds-2",
      "seed": 16,
      "majority_ratio": 0.9,
      "p_corr_majority": 0.9,
      "arm": "parallel",
      "epochs": 30,
      "lr": 0.02,
      "alpha": 0.5,
      "temperature": 0.1,
      "weight_scale": 4.0,
      "n_train": 5000,
      "val_eval_acc": 0.6899999976158142,
      "val_eval_worst": 0.5799999833106995,
      "val_eval_acc_g0": 0.800000011920929,
      "val_eval_acc_g1": 0.5799999833106995,
      "test_acc": 0.41999998688697815,
      "test_worst": 0.36461278796195984,
      "test_acc_aligned": 0.8441558480262756,
      "test_acc_flipped": 0.36461278796195984,
      "w_std_mean": 2.3376465709507466,
      "walltime_sec": 13.685728788375854
    },
    {
      "method": "fairds-2",
      "seed": 17,
      "majority_ratio": 0.9,
      "p_corr_majority": 0.9,
      "arm": "parallel",
      "epochs": 30,
      "lr": 0.02,
      "alpha": 0.5,
      "temperature": 0.1,
      "weight_scale": 4.0,
      "n_train": 5000,
      "val_eval_acc": 0.7300000190734863,
      "val_eval_worst": 0.6119999885559082,
      "val_eval_acc_g0": 0.8479999899864197,
      "val_eval_acc_g1": 0.6119999885559082,
      "test_acc": 0.31700000166893005,
      "test_worst": 0.2465296983718872,
      "test_acc_aligned": 0.9547738432884216,
      "test_acc_flipped": 0.2465296983718872,
      "w_std_mean": 2.6195423201223216,
      "walltime_sec": 12.307322025299072
    },
    {
      "method": "fairds-2",
      "seed": 18,
      "majority_ratio": 0.9,
      "p_corr_majority": 0.9,
      "arm": "parallel",
      "epochs": 30,
      "lr": 0.02,
      "alpha": 0.5,
      "temperature": 0.1,
      "weight_scale": 4.0,
      "n_train": 5000,
      "val_eval_acc": 0.734000027179718,
      "val_eval_worst": 0.5879999995231628,
      "val_eval_acc_g0": 0.8799999952316284,
      "val_eval_acc_g1": 0.5879999995231628,
      "test_acc": 0.36550000309944153,
      "test_worst": 0.30985140800476074,
      "test_acc_aligned": 0.9180327653884888,
      "test_acc_flipped": 0.30985140800476074,
      "w_std_mean": 2.270662289162477,
      "walltime_sec": 12.752071142196655
    },
    {
      "method": "fairds-2",
      "seed": 19,
      "majority_ratio": 0.9,
      "p_corr_majority": 0.9,
      "arm": "parallel",
      "epochs": 30,
      "lr": 0.02,
      "alpha": 0.5,
      "temperature": 0.1,
      "weight_scale": 4.0,
      "n_train": 5000,
      "val_eval_acc": 0.7699999809265137,
      "val_eval_worst": 0.6439999938011169,
      "val_eval_acc_g0": 0.8960000276565552,
      "val_eval_acc_g1": 0.6439999938011169,
      "test_acc": 0.3634999990463257,
      "test_worst": 0.3008849620819092,
      "test_acc_aligned": 0.953125,
      "test_acc_flipped": 0.3008849620819092,
      "w_std_mean": 2.5170397155483566,
      "walltime_sec": 12.129904985427856
    }
  ],
  "total_walltime_sec": 130.3797161579132
}