{
  "args": {
    "methods": [
      "fairds-2"
    ],
    "seeds": [
      10,
      11,
      12,
      13,
      14,
      15,
      16,
      17,
      18,
      19
    ],
    "ratios": [
      0.9
    ],
    "strengths": [
      0.9
    ],
    "epochs": 30,
    "n_train": 5000,
    "batch_size": 128,
    "lr": 0.02,
    "alpha": 0.5,
    "temperature": 0.1,
    "weight_scale": 4.0,
    "arm": "residual_shuffle",
    "device": "cuda",
    "out_root": "results/e5_resid_abl/residual_shuffle"
  },
  "runs": [
    {
      "method": "fairds-2",
      "seed": 10,
      "majority_ratio": 0.9,
      "p_corr_majority": 0.9,
      "arm": "residual_shuffle",
      "epochs": 30,
      "lr": 0.02,
      "alpha": 0.5,
      "temperature": 0.1,
      "weight_scale": 4.0,
      "n_train": 5000,
      "val_eval_acc": 0.7360000014305115,
      "val_eval_worst": 0.628000020980835,
      "val_eval_acc_g0": 0.843999981880188,
      "val_eval_acc_g1": 0.628000020980835,
      "test_acc": 0.37049999833106995,
      "test_worst": 0.3108779788017273,
      "test_acc_aligned": 0.9417989253997803,
      "test_acc_flipped": 0.3108779788017273,
      "w_std_mean": 3.246720010638237,
      "walltime_sec": 14.063040733337402
    },
    {
      "method": "fairds-2",
      "seed": 11,
      "majority_ratio": 0.9,
      "p_corr_majority": 0.9,
      "arm": "residual_shuffle",
      "epochs": 30,
      "lr": 0.02,
      "alpha": 0.5,
      "temperature": 0.1,
      "weight_scale": 4.0,
      "n_train": 5000,
      "val_eval_acc": 0.734000027179718,
      "val_eval_worst": 0.671999990940094,
      "val_eval_acc_g0": 0.7960000038146973,
      "val_eval_acc_g1": 0.671999990940094,
      "test_acc": 0.47049999237060547,
      "test_worst": 0.42294901609420776,
      "test_acc_aligned": 0.9081632494926453,
      "test_acc_flipped": 0.42294901609420776,
      "w_std_mean": 3.2103120638926823,
      "walltime_sec": 13.168861627578735
    },
    {
      "method": "fairds-2",
      "seed": 12,
      "majority_ratio": 0.9,
      "p_corr_majority": 0.9,
      "arm": "residual_shuffle",
      "epochs": 30,
      "lr": 0.02,
      "alpha": 0.5,
      "temperature": 0.1,
      "weight_scale": 4.0,
      "n_train": 5000,
      "val_eval_acc": 0.7639999985694885,
      "val_eval_worst": 0.6520000100135803,
      "val_eval_acc_g0": 0.8759999871253967,
      "val_eval_acc_g1": 0.6520000100135803,
      "test_acc": 0.4050000011920929,
      "test_worst": 0.35553109645843506,
      "test_acc_aligned": 0.8961748480796814,
      "test_acc_flipped": 0.35553109645843506,
      "w_std_mean": 3.16961362366875,
      "walltime_sec": 12.32935118675232
    },
    {
      "method": "fairds-2",
      "seed": 13,
      "majority_ratio": 0.9,
      "p_corr_majority": 0.9,
      "arm": "residual_shuffle",
      "epochs": 30,
      "lr": 0.02,
      "alpha": 0.5,
      "temperature": 0.1,
      "weight_scale": 4.0,
      "n_train": 5000,
      "val_eval_acc": 0.7160000205039978,
      "val_eval_worst": 0.6079999804496765,
      "val_eval_acc_g0": 0.8240000009536743,
      "val_eval_acc_g1": 0.6079999804496765,
      "test_acc": 0.47450000047683716,
      "test_worst": 0.4375,
      "test_acc_aligned": 0.8579545617103577,
      "test_acc_flipped": 0.4375,
      "w_std_mean": 3.0755823822816213,
      "walltime_sec": 12.394067764282227
    },
    {
      "method": "fairds-2",
      "seed": 14,
      "majority_ratio": 0.9,
      "p_corr_majority": 0.9,
      "arm": "residual_shuffle",
      "epochs": 30,
      "lr": 0.02,
      "alpha": 0.5,
      "temperature": 0.1,
      "weight_scale": 4.0,
      "n_train": 5000,
      "val_eval_acc": 0.7160000205039978,
      "val_eval_worst": 0.6320000290870667,
      "val_eval_acc_g0": 0.800000011920929,
      "val_eval_acc_g1": 0.6320000290870667,
      "test_acc": 0.45500001311302185,
      "test_worst": 0.4032348096370697,
      "test_acc_aligned": 0.9033816456794739,
      "test_acc_flipped": 0.4032348096370697,
      "w_std_mean": 3.274050070941448,
      "walltime_sec": 12.285836219787598
    },
    {
      "method": "fairds-2",
      "seed": 15,
      "majority_ratio": 0.9,
      "p_corr_majority": 0.9,
      "arm": "residual_shuffle",
      "epochs": 30,
      "lr": 0.02,
      "alpha": 0.5,
      "temperature": 0.1,
      "weight_scale": 4.0,
      "n_train": 5000,
      "val_eval_acc": 0.7120000123977661,
      "val_eval_worst": 0.6200000047683716,
      "val_eval_acc_g0": 0.8040000200271606,
      "val_eval_acc_g1": 0.6200000047683716,
      "test_acc": 0.4339999854564667,
      "test_worst": 0.3822544515132904,
      "test_acc_aligned": 0.879807710647583,
      "test_acc_flipped": 0.3822544515132904,
      "w_std_mean": 3.140286273062229,
      "walltime_sec": 12.386624336242676
    },
    {
      "method": "fairds-2",
      "seed": 16,
      "majority_ratio": 0.9,
      "p_corr_majority": 0.9,
      "arm": "residual_shuffle",
      "epochs": 30,
      "lr": 0.02,
      "alpha": 0.5,
      "temperature": 0.1,
      "weight_scale": 4.0,
      "n_train": 5000,
      "val_eval_acc": 0.7179999947547913,
      "val_eval_worst": 0.6119999885559082,
      "val_eval_acc_g0": 0.8240000009536743,
      "val_eval_acc_g1": 0.6119999885559082,
      "test_acc": 0.48399999737739563,
      "test_worst": 0.4335782825946808,
      "test_acc_aligned": 0.8701298832893372,
      "test_acc_flipped": 0.4335782825946808,
      "w_std_mean": 3.103454126516978,
      "walltime_sec": 17.442325353622437
    },
    {
      "method": "fairds-2",
      "seed": 17,
      "majority_ratio": 0.9,
      "p_corr_majority": 0.9,
      "arm": "residual_shuffle",
      "epochs": 30,
      "lr": 0.02,
      "alpha": 0.5,
      "temperature": 0.1,
      "weight_scale": 4.0,
      "n_train": 5000,
      "val_eval_acc": 0.7379999756813049,
      "val_eval_worst": 0.6240000128746033,
      "val_eval_acc_g0": 0.8519999980926514,
      "val_eval_acc_g1": 0.6240000128746033,
      "test_acc": 0.3709999918937683,
      "test_worst": 0.30871737003326416,
      "test_acc_aligned": 0.9346733689308167,
      "test_acc_flipped": 0.30871737003326416,
      "w_std_mean": 3.369271741012732,
      "walltime_sec": 19.203724145889282
    },
    {
      "method": "fairds-2",
      "seed": 18,
      "majority_ratio": 0.9,
      "p_corr_majority": 0.9,
      "arm": "residual_shuffle",
      "epochs": 30,
      "lr": 0.02,
      "alpha": 0.5,
      "temperature": 0.1,
      "weight_scale": 4.0,
      "n_train": 5000,
      "val_eval_acc": 0.7160000205039978,
      "val_eval_worst": 0.5720000267028809,
      "val_eval_acc_g0": 0.8600000143051147,
      "val_eval_acc_g1": 0.5720000267028809,
      "test_acc": 0.36550000309944153,
      "test_worst": 0.3093010485172272,
      "test_acc_aligned": 0.9234972596168518,
      "test_acc_flipped": 0.3093010485172272,
      "w_std_mean": 2.9326647134621937,
      "walltime_sec": 12.415363073348999
    },
    {
      "method": "fairds-2",
      "seed": 19,
      "majority_ratio": 0.9,
      "p_corr_majority": 0.9,
      "arm": "residual_shuffle",
      "epochs": 30,
      "lr": 0.02,
      "alpha": 0.5,
      "temperature": 0.1,
      "weight_scale": 4.0,
      "n_train": 5000,
      "val_eval_acc": 0.7260000109672546,
      "val_eval_worst": 0.5879999995231628,
      "val_eval_acc_g0": 0.8640000224113464,
      "val_eval_acc_g1": 0.5879999995231628,
      "test_acc": 0.41100001335144043,
      "test_worst": 0.35730087757110596,
      "test_acc_aligned": 0.9166666865348816,
      "test_acc_flipped": 0.35730087757110596,
      "w_std_mean": 3.2832995518048604,
      "walltime_sec": 12.477791547775269
    }
  ],
  "total_walltime_sec": 138.16746401786804
}