{
  "args": {
    "methods": [
      "fairds-2"
    ],
    "seeds": [
      10,
      11,
      12,
      13,
      14,
      15,
      16,
      17,
      18,
      19
    ],
    "ratios": [
      0.9
    ],
    "epochs": 20,
    "n_train": 5000,
    "batch_size": 128,
    "lr": 0.05,
    "alpha": 0.5,
    "temperature": 0.1,
    "weight_scale": 4.0,
    "arm": "residual_real",
    "device": "cuda",
    "out_root": "results/e3_resid/residual_real"
  },
  "runs": [
    {
      "method": "fairds-2",
      "seed": 10,
      "majority_ratio": 0.9,
      "arm": "residual_real",
      "epochs": 20,
      "lr": 0.05,
      "alpha": 0.5,
      "temperature": 0.1,
      "weight_scale": 4.0,
      "n_train": 5000,
      "val_eval_acc": 0.940000057220459,
      "val_eval_worst": 0.9080000519752502,
      "val_eval_acc_g0": 0.9720000624656677,
      "val_eval_acc_g1": 0.9080000519752502,
      "test_acc": 0.8277999758720398,
      "test_worst": 0.8121793270111084,
      "test_acc_aligned": 0.9632495641708374,
      "test_acc_flipped": 0.8121793270111084,
      "w_std_mean": 2.895973209887743,
      "walltime_sec": 9.423365354537964
    },
    {
      "method": "fairds-2",
      "seed": 11,
      "majority_ratio": 0.9,
      "arm": "residual_real",
      "epochs": 20,
      "lr": 0.05,
      "alpha": 0.5,
      "temperature": 0.1,
      "weight_scale": 4.0,
      "n_train": 5000,
      "val_eval_acc": 0.7760000228881836,
      "val_eval_worst": 0.7640000581741333,
      "val_eval_acc_g0": 0.7640000581741333,
      "val_eval_acc_g1": 0.7880000472068787,
      "test_acc": 0.7315999865531921,
      "test_worst": 0.7241685390472412,
      "test_acc_aligned": 0.7999999523162842,
      "test_acc_flipped": 0.7241685390472412,
      "w_std_mean": 2.871491721607745,
      "walltime_sec": 8.695394277572632
    },
    {
      "method": "fairds-2",
      "seed": 12,
      "majority_ratio": 0.9,
      "arm": "residual_real",
      "epochs": 20,
      "lr": 0.05,
      "alpha": 0.5,
      "temperature": 0.1,
      "weight_scale": 4.0,
      "n_train": 5000,
      "val_eval_acc": 0.9120000600814819,
      "val_eval_worst": 0.9040000438690186,
      "val_eval_acc_g0": 0.9200000166893005,
      "val_eval_acc_g1": 0.9040000438690186,
      "test_acc": 0.8913999795913696,
      "test_worst": 0.8851366639137268,
      "test_acc_aligned": 0.9478958249092102,
      "test_acc_flipped": 0.8851366639137268,
      "w_std_mean": 2.8883283415436747,
      "walltime_sec": 8.585336685180664
    },
    {
      "method": "fairds-2",
      "seed": 13,
      "majority_ratio": 0.9,
      "arm": "residual_real",
      "epochs": 20,
      "lr": 0.05,
      "alpha": 0.5,
      "temperature": 0.1,
      "weight_scale": 4.0,
      "n_train": 5000,
      "val_eval_acc": 0.8240000605583191,
      "val_eval_worst": 0.7520000338554382,
      "val_eval_acc_g0": 0.8960000276565552,
      "val_eval_acc_g1": 0.7520000338554382,
      "test_acc": 0.7139999866485596,
      "test_worst": 0.6941072344779968,
      "test_acc_aligned": 0.9061833620071411,
      "test_acc_flipped": 0.6941072344779968,
      "w_std_mean": 3.108583755865693,
      "walltime_sec": 5.600637912750244
    },
    {
      "method": "fairds-2",
      "seed": 14,
      "majority_ratio": 0.9,
      "arm": "residual_real",
      "epochs": 20,
      "lr": 0.05,
      "alpha": 0.5,
      "temperature": 0.1,
      "weight_scale": 4.0,
      "n_train": 5000,
      "val_eval_acc": 0.8980000615119934,
      "val_eval_worst": 0.8680000305175781,
      "val_eval_acc_g0": 0.9280000329017639,
      "val_eval_acc_g1": 0.8680000305175781,
      "test_acc": 0.8425999879837036,
      "test_worst": 0.8300421833992004,
      "test_acc_aligned": 0.9574036002159119,
      "test_acc_flipped": 0.8300421833992004,
      "w_std_mean": 2.974465616121888,
      "walltime_sec": 5.698853969573975
    },
    {
      "method": "fairds-2",
      "seed": 15,
      "majority_ratio": 0.9,
      "arm": "residual_real",
      "epochs": 20,
      "lr": 0.05,
      "alpha": 0.5,
      "temperature": 0.1,
      "weight_scale": 4.0,
      "n_train": 5000,
      "val_eval_acc": 0.812000036239624,
      "val_eval_worst": 0.784000039100647,
      "val_eval_acc_g0": 0.8400000333786011,
      "val_eval_acc_g1": 0.784000039100647,
      "test_acc": 0.7111999988555908,
      "test_worst": 0.6945430636405945,
      "test_acc_aligned": 0.8638210892677307,
      "test_acc_flipped": 0.6945430636405945,
      "w_std_mean": 3.11948863491416,
      "walltime_sec": 5.586824655532837
    },
    {
      "method": "fairds-2",
      "seed": 16,
      "majority_ratio": 0.9,
      "arm": "residual_real",
      "epochs": 20,
      "lr": 0.05,
      "alpha": 0.5,
      "temperature": 0.1,
      "weight_scale": 4.0,
      "n_train": 5000,
      "val_eval_acc": 0.9320000410079956,
      "val_eval_worst": 0.9280000329017639,
      "val_eval_acc_g0": 0.9360000491142273,
      "val_eval_acc_g1": 0.9280000329017639,
      "test_acc": 0.871999979019165,
      "test_worst": 0.8621299266815186,
      "test_acc_aligned": 0.9662446975708008,
      "test_acc_flipped": 0.8621299266815186,
      "w_std_mean": 3.1545166412740944,
      "walltime_sec": 5.582307815551758
    },
    {
      "method": "fairds-2",
      "seed": 17,
      "majority_ratio": 0.9,
      "arm": "residual_real",
      "epochs": 20,
      "lr": 0.05,
      "alpha": 0.5,
      "temperature": 0.1,
      "weight_scale": 4.0,
      "n_train": 5000,
      "val_eval_acc": 0.9260000586509705,
      "val_eval_worst": 0.9200000166893005,
      "val_eval_acc_g0": 0.9320000410079956,
      "val_eval_acc_g1": 0.9200000166893005,
      "test_acc": 0.8349999785423279,
      "test_worst": 0.8206327557563782,
      "test_acc_aligned": 0.9609375,
      "test_acc_flipped": 0.8206327557563782,
      "w_std_mean": 2.898690013960004,
      "walltime_sec": 5.586386203765869
    },
    {
      "method": "fairds-2",
      "seed": 18,
      "majority_ratio": 0.9,
      "arm": "residual_real",
      "epochs": 20,
      "lr": 0.05,
      "alpha": 0.5,
      "temperature": 0.1,
      "weight_scale": 4.0,
      "n_train": 5000,
      "val_eval_acc": 0.9440000653266907,
      "val_eval_worst": 0.9120000600814819,
      "val_eval_acc_g0": 0.9760000705718994,
      "val_eval_acc_g1": 0.9120000600814819,
      "test_acc": 0.8991999626159668,
      "test_worst": 0.8919883966445923,
      "test_acc_aligned": 0.9614643454551697,
      "test_acc_flipped": 0.8919883966445923,
      "w_std_mean": 2.9942733910679817,
      "walltime_sec": 5.755012035369873
    },
    {
      "method": "fairds-2",
      "seed": 19,
      "majority_ratio": 0.9,
      "arm": "residual_real",
      "epochs": 20,
      "lr": 0.05,
      "alpha": 0.5,
      "temperature": 0.1,
      "weight_scale": 4.0,
      "n_train": 5000,
      "val_eval_acc": 0.8380000591278076,
      "val_eval_worst": 0.796000063419342,
      "val_eval_acc_g0": 0.8800000548362732,
      "val_eval_acc_g1": 0.796000063419342,
      "test_acc": 0.6355999708175659,
      "test_worst": 0.6032596826553345,
      "test_acc_aligned": 0.9136276245117188,
      "test_acc_flipped": 0.6032596826553345,
      "w_std_mean": 2.622038436718285,
      "walltime_sec": 5.616362810134888
    }
  ],
  "total_walltime_sec": 66.13087129592896
}