{
  "args": {
    "epochs": 3,
    "n_total": 200,
    "n_val": 400,
    "batch_size": 32,
    "lr": 0.1,
    "alpha": 0.5,
    "seeds": [
      0
    ],
    "ratios": [
      0.9
    ],
    "methods": [
      "vanilla",
      "fairds-1",
      "fairds-2"
    ],
    "device": "cuda",
    "out_root": "results/e1"
  },
  "runs": [
    {
      "method": "vanilla",
      "majority_ratio": 0.9,
      "seed": 0,
      "epochs": 3,
      "lr": 0.1,
      "alpha": 0.5,
      "final_train_acc": 0.9950000047683716,
      "final_val_acc": 0.9624999761581421,
      "final_val_loss": 0.15456102788448334,
      "train_acc_by_group": {
        "0": 0.9944444894790649,
        "1": 1.0
      },
      "val_acc_by_group": {
        "0": 1.0,
        "1": 0.9249999523162842
      },
      "dp_diff": 0.02499997615814209,
      "eo_diff": 0.050000011920928955,
      "phi_per_group_last": {},
      "weight_per_group_last": {},
      "walltime_sec": 0.808819055557251
    },
    {
      "method": "fairds-1",
      "majority_ratio": 0.9,
      "seed": 0,
      "epochs": 3,
      "lr": 0.1,
      "alpha": 0.5,
      "final_train_acc": 0.9950000047683716,
      "final_val_acc": 0.9649999737739563,
      "final_val_loss": 0.14540642499923706,
      "train_acc_by_group": {
        "0": 0.9944444894790649,
        "1": 1.0
      },
      "val_acc_by_group": {
        "0": 1.0,
        "1": 0.9300000071525574
      },
      "dp_diff": 0.029999971389770508,
      "eo_diff": 0.04000002145767212,
      "phi_per_group_last": {
        "0": {
          "mean": 0.043525547156524326,
          "median": 0.039881693199276924,
          "std": 0.021067211751782205,
          "n": 180,
          "values": [
            0.0953424870967865,
            0.06275477260351181,
            0.06629963964223862,
            0.04680981859564781,
            0.05684527009725571,
            0.0383901372551918,
            0.03854067623615265,
            0.06622211635112762,
            0.04399595409631729,
            0.028744887560606003,
            0.06453597545623779,
            0.034651871770620346,
            0.07990972697734833,
            0.06757955253124237,
            0.05365091562271118,
            0.08569257706403732,
            0.0724579468369484,
            0.05787070840597153,
            0.052454594522714615,
            0.04802028462290764,
            0.08439844101667404,
            0.07489883899688721,
            0.11541219055652618,
            0.029356984421610832,
            0.026427092030644417,
            0.0401456281542778,
            0.04737299680709839,
            0.044389985501766205,
            0.03246135264635086,
            0.045503176748752594,
            0.05770670995116234,
            0.03819571062922478,
            0.04029068350791931,
            0.014449890702962875,
            0.026158638298511505,
            0.07107137143611908,
            0.08023443073034286,
            0.07354491949081421,
            0.051599472761154175,
            0.07969925552606583,
            0.0942363291978836,
            0.02705056220293045,
            0.09600101411342621,
            0.035864558070898056,
            0.015958227217197418,
            0.06917276978492737,
            0.028146089985966682,
            0.055741216987371445,
            0.06172845885157585,
            0.02894345112144947,
            0.08453355729579926,
            0.04579854756593704,
            0.06802134215831757,
            0.04095534235239029,
            0.03338427096605301,
            0.03853841498494148,
            0.06429119408130646,
            0.016805771738290787,
            0.033844899386167526,
            0.04850682616233826,
            0.038753148168325424,
            0.02576185017824173,
            0.027171673253178596,
            0.027592824772000313,
            0.02083965390920639,
            0.04603644832968712,
            0.03355001285672188,
            0.03191405162215233,
            0.01657203584909439,
            0.09052965044975281,
            0.039926059544086456,
            0.01925557106733322,
            0.040730949491262436,
            0.055872440338134766,
            0.04161611944437027,
            0.016979925334453583,
            0.04923432320356369,
            0.03147917985916138,
            0.03648951277136803,
            0.06386321038007736,
            0.05738089978694916,
            0.02638709358870983,
            0.03628210350871086,
            0.06147302687168121,
            0.03035169094800949,
            0.043442245572805405,
            0.0587579682469368,
            0.0538913831114769,
            0.03557216376066208,
            0.03743750602006912,
            0.04619300365447998,
            -0.005147891119122505,
            0.02306266315281391,
            0.04080651327967644,
            0.024577755481004715,
            0.03299007564783096,
            0.04186277091503143,
            0.033661603927612305,
            0.03783394396305084,
            0.03865904361009598,
            0.06590460240840912,
            0.05026963725686073,
            0.02909521758556366,
            0.0867534652352333,
            0.025295473635196686,
            0.035816632211208344,
            0.017182743176817894,
            0.058015450835227966,
            0.0554954819381237,
            0.05000804737210274,
            0.02492200769484043,
            0.05455757677555084,
            0.0580107606947422,
            0.05783100053668022,
            0.045507848262786865,
            0.04463539645075798,
            0.0538669154047966,
            0.021039236336946487,
            0.03338649868965149,
            0.025100307539105415,
            0.021731726825237274,
            0.035772647708654404,
            0.027947258204221725,
            0.028222689405083656,
            0.06924585998058319,
            0.017259791493415833,
            0.05394389107823372,
            0.029330261051654816,
            0.01580548658967018,
            0.015123911201953888,
            0.02813676744699478,
            0.01478633377701044,
            0.02815639227628708,
            0.059909261763095856,
            0.03045475110411644,
            0.018110519275069237,
            0.023669224232435226,
            0.10081832110881805,
            0.04983885586261749,
            0.05989891290664673,
            0.009781617671251297,
            0.03165408968925476,
            0.042368944734334946,
            0.03669440746307373,
            0.024656999856233597,
            0.016082823276519775,
            0.033589765429496765,
            0.02292310819029808,
            0.07615604251623154,
            0.060931745916604996,
            0.029360421001911163,
            0.04604390263557434,
            0.043222200125455856,
            0.03045450523495674,
            0.021245252341032028,
            0.013479671441018581,
            0.040755778551101685,
            0.0351010225713253,
            0.018226614221930504,
            0.042315948754549026,
            0.02037598006427288,
            0.031195567920804024,
            0.035702530294656754,
            0.015922635793685913,
            0.03367636352777481,
            0.03983732685446739,
            0.05467811971902847,
            0.04358251392841339,
            0.039084237068891525,
            0.10539872199296951,
            0.03384707495570183,
            0.010798082686960697,
            0.06638278067111969,
            0.046329326927661896,
            0.050256021320819855,
            0.05774129927158356,
            0.023030519485473633,
            0.05383585765957832,
            0.024191707372665405,
            0.021575063467025757
          ]
        },
        "1": {
          "mean": 0.03306205980479717,
          "median": 0.018818916752934456,
          "std": 0.029700017763873744,
          "n": 20,