{
  "args": {
    "datasets": [
      "compas"
    ],
    "methods": [
      "vanilla",
      "fairds-1",
      "fairds-2"
    ],
    "seeds": [
      0
    ],
    "val_modes": [
      "balanced"
    ],
    "epochs": 5,
    "batch_size": 64,
    "lr": 0.05,
    "alpha": 0.5,
    "n_val_per_group": 200,
    "device": "cuda",
    "out_root": "results/e2"
  },
  "runs": [
    {
      "dataset": "compas",
      "method": "vanilla",
      "seed": 0,
      "val_mode": "balanced",
      "epochs": 5,
      "lr": 0.05,
      "alpha": 0.5,
      "n_val_per_group": 200,
      "val_acc": 0.6865530610084534,
      "worst_acc": 0.6861538290977478,
      "val_acc_g0": 0.6871920824050903,
      "val_acc_g1": 0.6861538290977478,
      "dp_diff": 0.27491477131843567,
      "eo_diff": 0.28654617071151733,
      "phi_per_group_last": {},
      "walltime_sec": 0.9615724086761475
    },
    {
      "dataset": "compas",
      "method": "fairds-1",
      "seed": 0,
      "val_mode": "balanced",
      "epochs": 5,
      "lr": 0.05,
      "alpha": 0.5,
      "n_val_per_group": 200,
      "val_acc": 0.7045454978942871,
      "worst_acc": 0.7044335007667542,
      "val_acc_g0": 0.7044335007667542,
      "val_acc_g1": 0.7046154141426086,
      "dp_diff": 0.24971580505371094,
      "eo_diff": 0.27598389983177185,
      "phi_per_group_last": {
        "0": {
          "mean": 0.002180948782731155,
          "std": 0.041886568836320616,
          "n": 1697
        },
        "1": {
          "mean": -0.0014881287784647601,
          "std": 0.03888297590811687,
          "n": 2525
        }
      },
      "walltime_sec": 0.959449291229248
    },
    {
      "dataset": "compas",
      "method": "fairds-2",
      "seed": 0,
      "val_mode": "balanced",
      "epochs": 5,
      "lr": 0.05,
      "alpha": 0.5,
      "n_val_per_group": 200,
      "val_acc": 0.696969747543335,
      "worst_acc": 0.692307710647583,
      "val_acc_g0": 0.7044335007667542,
      "val_acc_g1": 0.692307710647583,
      "dp_diff": 0.25647595524787903,
      "eo_diff": 0.2650200426578522,
      "phi_per_group_last": {
        "0": {
          "mean": 0.0012763329328758929,
          "std": 0.02736829383504081,
          "n": 1697
        },
        "1": {
          "mean": -0.0012511722274680189,
          "std": 0.02512238116699226,
          "n": 2525
        }
      },
      "walltime_sec": 0.9713296890258789
    }
  ],
  "total_walltime_sec": 2.892561912536621
}