{
  "args": {
    "methods": [
      "fairds-2"
    ],
    "seeds": [
      0,
      1,
      2,
      3,
      4,
      5,
      6,
      7,
      8,
      9
    ],
    "ratios": [
      0.9
    ],
    "epochs": 20,
    "n_train": 5000,
    "batch_size": 128,
    "lr": 0.05,
    "alpha": 0.5,
    "temperature": 0.1,
    "weight_scale": 4.0,
    "arm": "residual_real",
    "device": "cuda",
    "out_root": "results/e3_resid/residual_real"
  },
  "runs": [
    {
      "method": "fairds-2",
      "seed": 0,
      "majority_ratio": 0.9,
      "arm": "residual_real",
      "epochs": 20,
      "lr": 0.05,
      "alpha": 0.5,
      "temperature": 0.1,
      "weight_scale": 4.0,
      "n_train": 5000,
      "val_eval_acc": 0.8960000276565552,
      "val_eval_worst": 0.8520000576972961,
      "val_eval_acc_g0": 0.940000057220459,
      "val_eval_acc_g1": 0.8520000576972961,
      "test_acc": 0.8175999522209167,
      "test_worst": 0.8028888702392578,
      "test_acc_aligned": 0.9500000476837158,
      "test_acc_flipped": 0.8028888702392578,
      "w_std_mean": 2.8381345535442235,
      "walltime_sec": 5.963656902313232
    },
    {
      "method": "fairds-2",
      "seed": 1,
      "majority_ratio": 0.9,
      "arm": "residual_real",
      "epochs": 20,
      "lr": 0.05,
      "alpha": 0.5,
      "temperature": 0.1,
      "weight_scale": 4.0,
      "n_train": 5000,
      "val_eval_acc": 0.9180000424385071,
      "val_eval_worst": 0.9120000600814819,
      "val_eval_acc_g0": 0.9240000247955322,
      "val_eval_acc_g1": 0.9120000600814819,
      "test_acc": 0.8772000074386597,
      "test_worst": 0.8691157102584839,
      "test_acc_aligned": 0.9581497311592102,
      "test_acc_flipped": 0.8691157102584839,
      "w_std_mean": 3.129985055066645,
      "walltime_sec": 5.682510852813721
    },
    {
      "method": "fairds-2",
      "seed": 2,
      "majority_ratio": 0.9,
      "arm": "residual_real",
      "epochs": 20,
      "lr": 0.05,
      "alpha": 0.5,
      "temperature": 0.1,
      "weight_scale": 4.0,
      "n_train": 5000,
      "val_eval_acc": 0.8460000157356262,
      "val_eval_worst": 0.796000063419342,
      "val_eval_acc_g0": 0.8960000276565552,
      "val_eval_acc_g1": 0.796000063419342,
      "test_acc": 0.7099999785423279,
      "test_worst": 0.6863747239112854,
      "test_acc_aligned": 0.9221556782722473,
      "test_acc_flipped": 0.6863747239112854,
      "w_std_mean": 2.994408079981804,
      "walltime_sec": 5.685195684432983
    },
    {
      "method": "fairds-2",
      "seed": 3,
      "majority_ratio": 0.9,
      "arm": "residual_real",
      "epochs": 20,
      "lr": 0.05,
      "alpha": 0.5,
      "temperature": 0.1,
      "weight_scale": 4.0,
      "n_train": 5000,
      "val_eval_acc": 0.9080000519752502,
      "val_eval_worst": 0.8720000386238098,
      "val_eval_acc_g0": 0.9440000653266907,
      "val_eval_acc_g1": 0.8720000386238098,
      "test_acc": 0.8521999716758728,
      "test_worst": 0.8404444456100464,
      "test_acc_aligned": 0.9580000638961792,
      "test_acc_flipped": 0.8404444456100464,
      "w_std_mean": 2.953433616235852,
      "walltime_sec": 5.691091537475586
    },
    {
      "method": "fairds-2",
      "seed": 4,
      "majority_ratio": 0.9,
      "arm": "residual_real",
      "epochs": 20,
      "lr": 0.05,
      "alpha": 0.5,
      "temperature": 0.1,
      "weight_scale": 4.0,
      "n_train": 5000,
      "val_eval_acc": 0.796000063419342,
      "val_eval_worst": 0.784000039100647,
      "val_eval_acc_g0": 0.784000039100647,
      "val_eval_acc_g1": 0.8080000281333923,
      "test_acc": 0.8303999900817871,
      "test_worst": 0.76382976770401,
      "test_acc_aligned": 0.76382976770401,
      "test_acc_flipped": 0.837306797504425,
      "w_std_mean": 2.999827727302909,
      "walltime_sec": 8.8534836769104
    },
    {
      "method": "fairds-2",
      "seed": 5,
      "majority_ratio": 0.9,
      "arm": "residual_real",
      "epochs": 20,
      "lr": 0.05,
      "alpha": 0.5,
      "temperature": 0.1,
      "weight_scale": 4.0,
      "n_train": 5000,
      "val_eval_acc": 0.8920000195503235,
      "val_eval_worst": 0.8760000467300415,
      "val_eval_acc_g0": 0.9080000519752502,
      "val_eval_acc_g1": 0.8760000467300415,
      "test_acc": 0.767799973487854,
      "test_worst": 0.7466163635253906,
      "test_acc_aligned": 0.9614604115486145,
      "test_acc_flipped": 0.7466163635253906,
      "w_std_mean": 2.8912913236394524,
      "walltime_sec": 8.834975004196167
    },
    {
      "method": "fairds-2",
      "seed": 6,
      "majority_ratio": 0.9,
      "arm": "residual_real",
      "epochs": 20,
      "lr": 0.05,
      "alpha": 0.5,
      "temperature": 0.1,
      "weight_scale": 4.0,
      "n_train": 5000,
      "val_eval_acc": 0.9200000166893005,
      "val_eval_worst": 0.9000000357627869,
      "val_eval_acc_g0": 0.940000057220459,
      "val_eval_acc_g1": 0.9000000357627869,
      "test_acc": 0.8845999836921692,
      "test_worst": 0.8776324391365051,
      "test_acc_aligned": 0.9488752484321594,
      "test_acc_flipped": 0.8776324391365051,
      "w_std_mean": 2.758724372237921,
      "walltime_sec": 8.879712343215942
    },
    {
      "method": "fairds-2",
      "seed": 7,
      "majority_ratio": 0.9,
      "arm": "residual_real",
      "epochs": 20,
      "lr": 0.05,
      "alpha": 0.5,
      "temperature": 0.1,
      "weight_scale": 4.0,
      "n_train": 5000,
      "val_eval_acc": 0.9440000653266907,
      "val_eval_worst": 0.940000057220459,
      "val_eval_acc_g0": 0.9480000734329224,
      "val_eval_acc_g1": 0.940000057220459,
      "test_acc": 0.837399959564209,
      "test_worst": 0.8259332776069641,
      "test_acc_aligned": 0.9471458792686462,
      "test_acc_flipped": 0.8259332776069641,
      "w_std_mean": 2.8064472199231387,
      "walltime_sec": 8.838789224624634
    },
    {
      "method": "fairds-2",
      "seed": 8,
      "majority_ratio": 0.9,
      "arm": "residual_real",
      "epochs": 20,
      "lr": 0.05,
      "alpha": 0.5,
      "temperature": 0.1,
      "weight_scale": 4.0,
      "n_train": 5000,
      "val_eval_acc": 0.9200000166893005,
      "val_eval_worst": 0.8960000276565552,
      "val_eval_acc_g0": 0.9440000653266907,
      "val_eval_acc_g1": 0.8960000276565552,
      "test_acc": 0.8865999579429626,
      "test_worst": 0.8787608742713928,
      "test_acc_aligned": 0.955165684223175,
      "test_acc_flipped": 0.8787608742713928,
      "w_std_mean": 2.941310141272843,
      "walltime_sec": 8.843042612075806
    },
    {
      "method": "fairds-2",
      "seed": 9,
      "majority_ratio": 0.9,
      "arm": "residual_real",
      "epochs": 20,
      "lr": 0.05,
      "alpha": 0.5,
      "temperature": 0.1,
      "weight_scale": 4.0,
      "n_train": 5000,
      "val_eval_acc": 0.9260000586509705,
      "val_eval_worst": 0.9080000519752502,
      "val_eval_acc_g0": 0.9440000653266907,
      "val_eval_acc_g1": 0.9080000519752502,
      "test_acc": 0.8697999715805054,
      "test_worst": 0.8615624308586121,
      "test_acc_aligned": 0.9428008198738098,
      "test_acc_flipped": 0.8615624308586121,
      "w_std_mean": 3.1640914508700373,
      "walltime_sec": 8.806565523147583
    }
  ],
  "total_walltime_sec": 76.07946491241455
}