{
  "args": {
    "datasets": [
      "compas"
    ],
    "methods": [
      "ren2018"
    ],
    "seeds": [
      0
    ],
    "val_modes": [
      "balanced"
    ],
    "epochs": 5,
    "batch_size": 64,
    "lr": 0.05,
    "alpha": 0.5,
    "n_val_per_group": 200,
    "device": "cuda",
    "out_root": "results/e2"
  },
  "runs": [
    {
      "dataset": "compas",
      "method": "ren2018",
      "seed": 0,
      "val_mode": "balanced",
      "epochs": 5,
      "lr": 0.05,
      "alpha": 0.5,
      "n_val_per_group": 200,
      "val_acc": 0.6875,
      "worst_acc": 0.6769230961799622,
      "val_acc_g0": 0.7044335007667542,
      "val_acc_g1": 0.6769230961799622,
      "dp_diff": 0.20788177847862244,
      "eo_diff": 0.21530115604400635,
      "phi_per_group_last": {},
      "walltime_sec": 0.9242312908172607
    }
  ],
  "total_walltime_sec": 0.9244663715362549
}