{
  "args": {
    "methods": [
      "fairds-2"
    ],
    "seeds": [
      10,
      11,
      12,
      13,
      14,
      15,
      16,
      17,
      18,
      19
    ],
    "ratios": [
      0.9
    ],
    "strengths": [
      0.9
    ],
    "epochs": 30,
    "n_train": 5000,
    "batch_size": 128,
    "lr": 0.02,
    "alpha": 0.5,
    "temperature": 0.1,
    "weight_scale": 4.0,
    "arm": "phi1",
    "device": "cuda",
    "out_root": "results/e5_resid_abl/phi1"
  },
  "runs": [
    {
      "method": "fairds-2",
      "seed": 10,
      "majority_ratio": 0.9,
      "p_corr_majority": 0.9,
      "arm": "phi1",
      "epochs": 30,
      "lr": 0.02,
      "alpha": 0.5,
      "temperature": 0.1,
      "weight_scale": 4.0,
      "n_train": 5000,
      "val_eval_acc": 0.6439999938011169,
      "val_eval_worst": 0.5640000104904175,
      "val_eval_acc_g0": 0.7239999771118164,
      "val_eval_acc_g1": 0.5640000104904175,
      "test_acc": 0.36250001192092896,
      "test_worst": 0.320817232131958,
      "test_acc_aligned": 0.761904776096344,
      "test_acc_flipped": 0.320817232131958,
      "w_std_mean": 3.0485228736201924,
      "walltime_sec": 15.262113094329834
    },
    {
      "method": "fairds-2",
      "seed": 11,
      "majority_ratio": 0.9,
      "p_corr_majority": 0.9,
      "arm": "phi1",
      "epochs": 30,
      "lr": 0.02,
      "alpha": 0.5,
      "temperature": 0.1,
      "weight_scale": 4.0,
      "n_train": 5000,
      "val_eval_acc": 0.6899999976158142,
      "val_eval_worst": 0.6119999885559082,
      "val_eval_acc_g0": 0.7680000066757202,
      "val_eval_acc_g1": 0.6119999885559082,
      "test_acc": 0.40849998593330383,
      "test_worst": 0.35310420393943787,
      "test_acc_aligned": 0.918367326259613,
      "test_acc_flipped": 0.35310420393943787,
      "w_std_mean": 3.156557799403866,
      "walltime_sec": 14.62654972076416
    },
    {
      "method": "fairds-2",
      "seed": 12,
      "majority_ratio": 0.9,
      "p_corr_majority": 0.9,
      "arm": "phi1",
      "epochs": 30,
      "lr": 0.02,
      "alpha": 0.5,
      "temperature": 0.1,
      "weight_scale": 4.0,
      "n_train": 5000,
      "val_eval_acc": 0.7680000066757202,
      "val_eval_worst": 0.6520000100135803,
      "val_eval_acc_g0": 0.8840000033378601,
      "val_eval_acc_g1": 0.6520000100135803,
      "test_acc": 0.36250001192092896,
      "test_worst": 0.312052845954895,
      "test_acc_aligned": 0.8633880019187927,
      "test_acc_flipped": 0.312052845954895,
      "w_std_mean": 2.8823911544928946,
      "walltime_sec": 13.7860107421875
    },
    {
      "method": "fairds-2",
      "seed": 13,
      "majority_ratio": 0.9,
      "p_corr_majority": 0.9,
      "arm": "phi1",
      "epochs": 30,
      "lr": 0.02,
      "alpha": 0.5,
      "temperature": 0.1,
      "weight_scale": 4.0,
      "n_train": 5000,
      "val_eval_acc": 0.6779999732971191,
      "val_eval_worst": 0.527999997138977,
      "val_eval_acc_g0": 0.828000009059906,
      "val_eval_acc_g1": 0.527999997138977,
      "test_acc": 0.4480000138282776,
      "test_worst": 0.40844297409057617,
      "test_acc_aligned": 0.8579545617103577,
      "test_acc_flipped": 0.40844297409057617,
      "w_std_mean": 2.8290961181869108,
      "walltime_sec": 20.056922674179077
    },
    {
      "method": "fairds-2",
      "seed": 14,
      "majority_ratio": 0.9,
      "p_corr_majority": 0.9,
      "arm": "phi1",
      "epochs": 30,
      "lr": 0.02,
      "alpha": 0.5,
      "temperature": 0.1,
      "weight_scale": 4.0,
      "n_train": 5000,
      "val_eval_acc": 0.7179999947547913,
      "val_eval_worst": 0.6600000262260437,
      "val_eval_acc_g0": 0.7760000228881836,
      "val_eval_acc_g1": 0.6600000262260437,
      "test_acc": 0.4880000054836273,
      "test_worst": 0.44171780347824097,
      "test_acc_aligned": 0.8888888955116272,
      "test_acc_flipped": 0.44171780347824097,
      "w_std_mean": 2.9690747597813605,
      "walltime_sec": 18.49996781349182
    },
    {
      "method": "fairds-2",
      "seed": 15,
      "majority_ratio": 0.9,
      "p_corr_majority": 0.9,
      "arm": "phi1",
      "epochs": 30,
      "lr": 0.02,
      "alpha": 0.5,
      "temperature": 0.1,
      "weight_scale": 4.0,
      "n_train": 5000,
      "val_eval_acc": 0.7260000109672546,
      "val_eval_worst": 0.6039999723434448,
      "val_eval_acc_g0": 0.8479999899864197,
      "val_eval_acc_g1": 0.6039999723434448,
      "test_acc": 0.42399999499320984,
      "test_worst": 0.3688616156578064,
      "test_acc_aligned": 0.8990384340286255,
      "test_acc_flipped": 0.3688616156578064,
      "w_std_mean": 2.6930684406061967,
      "walltime_sec": 12.21459150314331
    },
    {
      "method": "fairds-2",
      "seed": 16,
      "majority_ratio": 0.9,
      "p_corr_majority": 0.9,
      "arm": "phi1",
      "epochs": 30,
      "lr": 0.02,
      "alpha": 0.5,
      "temperature": 0.1,
      "weight_scale": 4.0,
      "n_train": 5000,
      "val_eval_acc": 0.671999990940094,
      "val_eval_worst": 0.6000000238418579,
      "val_eval_acc_g0": 0.7440000176429749,
      "val_eval_acc_g1": 0.6000000238418579,
      "test_acc": 0.5074999928474426,
      "test_worst": 0.4714528024196625,
      "test_acc_aligned": 0.7835497856140137,
      "test_acc_flipped": 0.4714528024196625,
      "w_std_mean": 2.7286913422246775,
      "walltime_sec": 18.249215364456177
    },
    {
      "method": "fairds-2",
      "seed": 17,
      "majority_ratio": 0.9,
      "p_corr_majority": 0.9,
      "arm": "phi1",
      "epochs": 30,
      "lr": 0.02,
      "alpha": 0.5,
      "temperature": 0.1,
      "weight_scale": 4.0,
      "n_train": 5000,
      "val_eval_acc": 0.7400000095367432,
      "val_eval_worst": 0.628000020980835,
      "val_eval_acc_g0": 0.8519999980926514,
      "val_eval_acc_g1": 0.628000020980835,
      "test_acc": 0.33149999380111694,
      "test_worst": 0.2637423574924469,
      "test_acc_aligned": 0.9447236061096191,
      "test_acc_flipped": 0.2637423574924469,
      "w_std_mean": 3.059147585382064,
      "walltime_sec": 14.430299997329712
    },
    {
      "method": "fairds-2",
      "seed": 18,
      "majority_ratio": 0.9,
      "p_corr_majority": 0.9,
      "arm": "phi1",
      "epochs": 30,
      "lr": 0.02,
      "alpha": 0.5,
      "temperature": 0.1,
      "weight_scale": 4.0,
      "n_train": 5000,
      "val_eval_acc": 0.7699999809265137,
      "val_eval_worst": 0.6800000071525574,
      "val_eval_acc_g0": 0.8600000143051147,
      "val_eval_acc_g1": 0.6800000071525574,
      "test_acc": 0.43050000071525574,
      "test_worst": 0.38910290598869324,
      "test_acc_aligned": 0.8415300250053406,
      "test_acc_flipped": 0.38910290598869324,
      "w_std_mean": 2.71549116825064,
      "walltime_sec": 12.133475065231323
    },
    {
      "method": "fairds-2",
      "seed": 19,
      "majority_ratio": 0.9,
      "p_corr_majority": 0.9,
      "arm": "phi1",
      "epochs": 30,
      "lr": 0.02,
      "alpha": 0.5,
      "temperature": 0.1,
      "weight_scale": 4.0,
      "n_train": 5000,
      "val_eval_acc": 0.7720000147819519,
      "val_eval_worst": 0.6520000100135803,
      "val_eval_acc_g0": 0.8920000195503235,
      "val_eval_acc_g1": 0.6520000100135803,
      "test_acc": 0.38850000500679016,
      "test_worst": 0.3296460211277008,
      "test_acc_aligned": 0.9427083134651184,
      "test_acc_flipped": 0.3296460211277008,
      "w_std_mean": 2.998318440020084,
      "walltime_sec": 17.045201063156128
    }
  ],
  "total_walltime_sec": 156.30478310585022
}