{
  "args": {
    "methods": [
      "fairds-1"
    ],
    "seeds": [
      0,
      1,
      2,
      3,
      4,
      5,
      6,
      7,
      8,
      9
    ],
    "ratios": [
      0.9
    ],
    "strengths": [
      0.9
    ],
    "epochs": 30,
    "n_train": 5000,
    "batch_size": 128,
    "lr": 0.02,
    "alpha": 0.5,
    "temperature": 0.2,
    "weight_scale": 4.0,
    "device": "cuda",
    "out_root": "results/e5_smooth_abl/temp0.2"
  },
  "runs": [
    {
      "method": "fairds-1",
      "seed": 0,
      "majority_ratio": 0.9,
      "p_corr_majority": 0.9,
      "epochs": 30,
      "lr": 0.02,
      "alpha": 0.5,
      "temperature": 0.2,
      "weight_scale": 4.0,
      "n_train": 5000,
      "val_eval_acc": 0.7360000014305115,
      "val_eval_worst": 0.6439999938011169,
      "val_eval_acc_g0": 0.828000009059906,
      "val_eval_acc_g1": 0.6439999938011169,
      "test_acc": 0.4375,
      "test_worst": 0.3870967626571655,
      "test_acc_aligned": 0.8861386179924011,
      "test_acc_flipped": 0.3870967626571655,
      "w_std_mean": 2.4585436138510706,
      "walltime_sec": 11.147740125656128
    },
    {
      "method": "fairds-1",
      "seed": 1,
      "majority_ratio": 0.9,
      "p_corr_majority": 0.9,
      "epochs": 30,
      "lr": 0.02,
      "alpha": 0.5,
      "temperature": 0.2,
      "weight_scale": 4.0,
      "n_train": 5000,
      "val_eval_acc": 0.7360000014305115,
      "val_eval_worst": 0.6840000152587891,
      "val_eval_acc_g0": 0.7879999876022339,
      "val_eval_acc_g1": 0.6840000152587891,
      "test_acc": 0.4970000088214874,
      "test_worst": 0.45332586765289307,
      "test_acc_aligned": 0.8672986030578613,
      "test_acc_flipped": 0.45332586765289307,
      "w_std_mean": 2.6512088691194853,
      "walltime_sec": 11.415651082992554
    },
    {
      "method": "fairds-1",
      "seed": 2,
      "majority_ratio": 0.9,
      "p_corr_majority": 0.9,
      "epochs": 30,
      "lr": 0.02,
      "alpha": 0.5,
      "temperature": 0.2,
      "weight_scale": 4.0,
      "n_train": 5000,
      "val_eval_acc": 0.6740000247955322,
      "val_eval_worst": 0.5400000214576721,
      "val_eval_acc_g0": 0.8080000281333923,
      "val_eval_acc_g1": 0.5400000214576721,
      "test_acc": 0.40849998593330383,
      "test_worst": 0.3604004383087158,
      "test_acc_aligned": 0.8366336822509766,
      "test_acc_flipped": 0.3604004383087158,
      "w_std_mean": 2.791140382476151,
      "walltime_sec": 10.565117597579956
    },
    {
      "method": "fairds-1",
      "seed": 3,
      "majority_ratio": 0.9,
      "p_corr_majority": 0.9,
      "epochs": 30,
      "lr": 0.02,
      "alpha": 0.5,
      "temperature": 0.2,
      "weight_scale": 4.0,
      "n_train": 5000,
      "val_eval_acc": 0.7260000109672546,
      "val_eval_worst": 0.6000000238418579,
      "val_eval_acc_g0": 0.8519999980926514,
      "val_eval_acc_g1": 0.6000000238418579,
      "test_acc": 0.37549999356269836,
      "test_worst": 0.32988569140434265,
      "test_acc_aligned": 0.8895705342292786,
      "test_acc_flipped": 0.32988569140434265,
      "w_std_mean": 2.203030643686652,
      "walltime_sec": 11.057975769042969
    },
    {
      "method": "fairds-1",
      "seed": 4,
      "majority_ratio": 0.9,
      "p_corr_majority": 0.9,
      "epochs": 30,
      "lr": 0.02,
      "alpha": 0.5,
      "temperature": 0.2,
      "weight_scale": 4.0,
      "n_train": 5000,
      "val_eval_acc": 0.7419999837875366,
      "val_eval_worst": 0.6119999885559082,
      "val_eval_acc_g0": 0.871999979019165,
      "val_eval_acc_g1": 0.6119999885559082,
      "test_acc": 0.4779999852180481,
      "test_worst": 0.439377099275589,
      "test_acc_aligned": 0.8217821717262268,
      "test_acc_flipped": 0.439377099275589,
      "w_std_mean": 2.5025799788286287,
      "walltime_sec": 14.890606164932251
    },
    {
      "method": "fairds-1",
      "seed": 5,
      "majority_ratio": 0.9,
      "p_corr_majority": 0.9,
      "epochs": 30,
      "lr": 0.02,
      "alpha": 0.5,
      "temperature": 0.2,
      "weight_scale": 4.0,
      "n_train": 5000,
      "val_eval_acc": 0.7059999704360962,
      "val_eval_worst": 0.5879999995231628,
      "val_eval_acc_g0": 0.8240000009536743,
      "val_eval_acc_g1": 0.5879999995231628,
      "test_acc": 0.3734999895095825,
      "test_worst": 0.31655481457710266,
      "test_acc_aligned": 0.8537735939025879,
      "test_acc_flipped": 0.31655481457710266,
      "w_std_mean": 2.6567801532149313,
      "walltime_sec": 14.530297756195068
    },
    {
      "method": "fairds-1",
      "seed": 6,
      "majority_ratio": 0.9,
      "p_corr_majority": 0.9,
      "epochs": 30,
      "lr": 0.02,
      "alpha": 0.5,
      "temperature": 0.2,
      "weight_scale": 4.0,
      "n_train": 5000,
      "val_eval_acc": 0.7379999756813049,
      "val_eval_worst": 0.6079999804496765,
      "val_eval_acc_g0": 0.8679999709129333,
      "val_eval_acc_g1": 0.6079999804496765,
      "test_acc": 0.32499998807907104,
      "test_worst": 0.255826860666275,
      "test_acc_aligned": 0.9545454382896423,
      "test_acc_flipped": 0.255826860666275,
      "w_std_mean": 2.4602250736951827,
      "walltime_sec": 10.158443450927734
    },
    {
      "method": "fairds-1",
      "seed": 7,
      "majority_ratio": 0.9,
      "p_corr_majority": 0.9,
      "epochs": 30,
      "lr": 0.02,
      "alpha": 0.5,
      "temperature": 0.2,
      "weight_scale": 4.0,
      "n_train": 5000,
      "val_eval_acc": 0.7419999837875366,
      "val_eval_worst": 0.5920000076293945,
      "val_eval_acc_g0": 0.8920000195503235,
      "val_eval_acc_g1": 0.5920000076293945,
      "test_acc": 0.2800000011920929,
      "test_worst": 0.2075262814760208,
      "test_acc_aligned": 0.9585492014884949,
      "test_acc_flipped": 0.2075262814760208,
      "w_std_mean": 2.602694308186571,
      "walltime_sec": 9.075250625610352
    },
    {
      "method": "fairds-1",
      "seed": 8,
      "majority_ratio": 0.9,
      "p_corr_majority": 0.9,
      "epochs": 30,
      "lr": 0.02,
      "alpha": 0.5,
      "temperature": 0.2,
      "weight_scale": 4.0,
      "n_train": 5000,
      "val_eval_acc": 0.765999972820282,
      "val_eval_worst": 0.6800000071525574,
      "val_eval_acc_g0": 0.8519999980926514,
      "val_eval_acc_g1": 0.6800000071525574,
      "test_acc": 0.4754999876022339,
      "test_worst": 0.4292845129966736,
      "test_acc_aligned": 0.8984771370887756,
      "test_acc_flipped": 0.4292845129966736,
      "w_std_mean": 2.2673988960683347,
      "walltime_sec": 9.285810947418213
    },
    {
      "method": "fairds-1",
      "seed": 9,
      "majority_ratio": 0.9,
      "p_corr_majority": 0.9,
      "epochs": 30,
      "lr": 0.02,
      "alpha": 0.5,
      "temperature": 0.2,
      "weight_scale": 4.0,
      "n_train": 5000,
      "val_eval_acc": 0.7419999837875366,
      "val_eval_worst": 0.5920000076293945,
      "val_eval_acc_g0": 0.8920000195503235,
      "val_eval_acc_g1": 0.5920000076293945,
      "test_acc": 0.3125,
      "test_worst": 0.24487534165382385,
      "test_acc_aligned": 0.9384615421295166,
      "test_acc_flipped": 0.24487534165382385,
      "w_std_mean": 2.8012446960310142,
      "walltime_sec": 9.448328018188477
    }
  ],
  "total_walltime_sec": 111.57565188407898
}