{
  "args": {
    "methods": [
      "fairds-2"
    ],
    "seeds": [
      0,
      1,
      2,
      3,
      4,
      5,
      6,
      7,
      8,
      9
    ],
    "ratios": [
      0.9
    ],
    "epochs": 20,
    "n_train": 5000,
    "batch_size": 128,
    "lr": 0.05,
    "alpha": 0.5,
    "temperature": 0.1,
    "weight_scale": 4.0,
    "arm": "parallel",
    "device": "cuda",
    "out_root": "results/e3_resid/parallel"
  },
  "runs": [
    {
      "method": "fairds-2",
      "seed": 0,
      "majority_ratio": 0.9,
      "arm": "parallel",
      "epochs": 20,
      "lr": 0.05,
      "alpha": 0.5,
      "temperature": 0.1,
      "weight_scale": 4.0,
      "n_train": 5000,
      "val_eval_acc": 0.9180000424385071,
      "val_eval_worst": 0.8760000467300415,
      "val_eval_acc_g0": 0.9600000381469727,
      "val_eval_acc_g1": 0.8760000467300415,
      "test_acc": 0.8035999536514282,
      "test_worst": 0.7848889231681824,
      "test_acc_aligned": 0.9720000624656677,
      "test_acc_flipped": 0.7848889231681824,
      "w_std_mean": 1.925324329510331,
      "walltime_sec": 6.1355438232421875
    },
    {
      "method": "fairds-2",
      "seed": 1,
      "majority_ratio": 0.9,
      "arm": "parallel",
      "epochs": 20,
      "lr": 0.05,
      "alpha": 0.5,
      "temperature": 0.1,
      "weight_scale": 4.0,
      "n_train": 5000,
      "val_eval_acc": 0.9300000667572021,
      "val_eval_worst": 0.9120000600814819,
      "val_eval_acc_g0": 0.9480000734329224,
      "val_eval_acc_g1": 0.9120000600814819,
      "test_acc": 0.8815999627113342,
      "test_worst": 0.8741751313209534,
      "test_acc_aligned": 0.9559471011161804,
      "test_acc_flipped": 0.8741751313209534,
      "w_std_mean": 1.9397130401432514,
      "walltime_sec": 5.204288482666016
    },
    {
      "method": "fairds-2",
      "seed": 2,
      "majority_ratio": 0.9,
      "arm": "parallel",
      "epochs": 20,
      "lr": 0.05,
      "alpha": 0.5,
      "temperature": 0.1,
      "weight_scale": 4.0,
      "n_train": 5000,
      "val_eval_acc": 0.9000000357627869,
      "val_eval_worst": 0.8760000467300415,
      "val_eval_acc_g0": 0.9240000247955322,
      "val_eval_acc_g1": 0.8760000467300415,
      "test_acc": 0.8295999765396118,
      "test_worst": 0.818626344203949,
      "test_acc_aligned": 0.9281437397003174,
      "test_acc_flipped": 0.818626344203949,
      "w_std_mean": 1.7495102696865796,
      "walltime_sec": 5.063149452209473
    },
    {
      "method": "fairds-2",
      "seed": 3,
      "majority_ratio": 0.9,
      "arm": "parallel",
      "epochs": 20,
      "lr": 0.05,
      "alpha": 0.5,
      "temperature": 0.1,
      "weight_scale": 4.0,
      "n_train": 5000,
      "val_eval_acc": 0.9160000681877136,
      "val_eval_worst": 0.8800000548362732,
      "val_eval_acc_g0": 0.9520000219345093,
      "val_eval_acc_g1": 0.8800000548362732,
      "test_acc": 0.849399983882904,
      "test_worst": 0.835777759552002,
      "test_acc_aligned": 0.9720000624656677,
      "test_acc_flipped": 0.835777759552002,
      "w_std_mean": 1.8886086251586676,
      "walltime_sec": 8.145986557006836
    },
    {
      "method": "fairds-2",
      "seed": 4,
      "majority_ratio": 0.9,
      "arm": "parallel",
      "epochs": 20,
      "lr": 0.05,
      "alpha": 0.5,
      "temperature": 0.1,
      "weight_scale": 4.0,
      "n_train": 5000,
      "val_eval_acc": 0.6540000438690186,
      "val_eval_worst": 0.6320000290870667,
      "val_eval_acc_g0": 0.6320000290870667,
      "val_eval_acc_g1": 0.6760000586509705,
      "test_acc": 0.7889999747276306,
      "test_worst": 0.5617021322250366,
      "test_acc_aligned": 0.5617021322250366,
      "test_acc_flipped": 0.8125827312469482,
      "w_std_mean": 1.8209899289160967,
      "walltime_sec": 7.568687915802002
    },
    {
      "method": "fairds-2",
      "seed": 5,
      "majority_ratio": 0.9,
      "arm": "parallel",
      "epochs": 20,
      "lr": 0.05,
      "alpha": 0.5,
      "temperature": 0.1,
      "weight_scale": 4.0,
      "n_train": 5000,
      "val_eval_acc": 0.9180000424385071,
      "val_eval_worst": 0.8800000548362732,
      "val_eval_acc_g0": 0.956000030040741,
      "val_eval_acc_g1": 0.8800000548362732,
      "test_acc": 0.776199996471405,
      "test_worst": 0.7537164688110352,
      "test_acc_aligned": 0.9817444086074829,
      "test_acc_flipped": 0.7537164688110352,
      "w_std_mean": 1.7300843059271573,
      "walltime_sec": 4.9084694385528564
    },
    {
      "method": "fairds-2",
      "seed": 6,
      "majority_ratio": 0.9,
      "arm": "parallel",
      "epochs": 20,
      "lr": 0.05,
      "alpha": 0.5,
      "temperature": 0.1,
      "weight_scale": 4.0,
      "n_train": 5000,
      "val_eval_acc": 0.8920000195503235,
      "val_eval_worst": 0.8680000305175781,
      "val_eval_acc_g0": 0.9160000681877136,
      "val_eval_acc_g1": 0.8680000305175781,
      "test_acc": 0.7859999537467957,
      "test_worst": 0.7685657143592834,
      "test_acc_aligned": 0.9468302726745605,
      "test_acc_flipped": 0.7685657143592834,
      "w_std_mean": 1.8412082391232252,
      "walltime_sec": 8.114543437957764
    },
    {
      "method": "fairds-2",
      "seed": 7,
      "majority_ratio": 0.9,
      "arm": "parallel",
      "epochs": 20,
      "lr": 0.05,
      "alpha": 0.5,
      "temperature": 0.1,
      "weight_scale": 4.0,
      "n_train": 5000,
      "val_eval_acc": 0.9300000667572021,
      "val_eval_worst": 0.9080000519752502,
      "val_eval_acc_g0": 0.9520000219345093,
      "val_eval_acc_g1": 0.9080000519752502,
      "test_acc": 0.7504000067710876,
      "test_worst": 0.7287386655807495,
      "test_acc_aligned": 0.957716703414917,
      "test_acc_flipped": 0.7287386655807495,
      "w_std_mean": 1.8026547257602215,
      "walltime_sec": 8.132480144500732
    },
    {
      "method": "fairds-2",
      "seed": 8,
      "majority_ratio": 0.9,
      "arm": "parallel",
      "epochs": 20,
      "lr": 0.05,
      "alpha": 0.5,
      "temperature": 0.1,
      "weight_scale": 4.0,
      "n_train": 5000,
      "val_eval_acc": 0.9080000519752502,
      "val_eval_worst": 0.8760000467300415,
      "val_eval_acc_g0": 0.940000057220459,
      "val_eval_acc_g1": 0.8760000467300415,
      "test_acc": 0.8551999926567078,
      "test_worst": 0.8417651057243347,
      "test_acc_aligned": 0.9727095365524292,
      "test_acc_flipped": 0.8417651057243347,
      "w_std_mean": 1.9731800536066293,
      "walltime_sec": 8.136299133300781
    },
    {
      "method": "fairds-2",
      "seed": 9,
      "majority_ratio": 0.9,
      "arm": "parallel",
      "epochs": 20,
      "lr": 0.05,
      "alpha": 0.5,
      "temperature": 0.1,
      "weight_scale": 4.0,
      "n_train": 5000,
      "val_eval_acc": 0.9340000152587891,
      "val_eval_worst": 0.9000000357627869,
      "val_eval_acc_g0": 0.968000054359436,
      "val_eval_acc_g1": 0.9000000357627869,
      "test_acc": 0.8773999810218811,
      "test_worst": 0.8666815161705017,
      "test_acc_aligned": 0.9723865985870361,
      "test_acc_flipped": 0.8666815161705017,
      "w_std_mean": 1.9550485008955,
      "walltime_sec": 7.942034006118774
    }
  ],
  "total_walltime_sec": 69.35190343856812
}