{
  "args": {
    "methods": [
      "vanilla",
      "fairds-1",
      "fairds-2",
      "ren2018"
    ],
    "seeds": [
      0,
      1,
      2
    ],
    "epochs": 10,
    "batch_size": 64,
    "lr": 0.001,
    "alpha": 0.5,
    "temperature": 0.5,
    "weight_scale": 1.0,
    "n_anchor_per_group": 50,
    "image_size": 96,
    "num_workers": 4,
    "device": "cuda",
    "out_root": "results/e3b"
  },
  "runs": [
    {
      "method": "vanilla",
      "seed": 0,
      "epochs": 10,
      "lr": 0.001,
      "alpha": 0.5,
      "temperature": 0.5,
      "weight_scale": 1.0,
      "image_size": 96,
      "val_eval_acc": 0.6696696877479553,
      "val_eval_worst": 0.21686747670173645,
      "test_acc": 0.6750086545944214,
      "test_worst": 0.2133956402540207,
      "val_eval_acc_g0": 0.9640287756919861,
      "test_acc_g0": 0.9720621109008789,
      "val_eval_acc_g1": 0.42788460850715637,
      "test_acc_g1": 0.45676276087760925,
      "val_eval_acc_g2": 0.21686747670173645,
      "test_acc_g2": 0.2133956402540207,
      "val_eval_acc_g3": 0.8554216623306274,
      "test_acc_g3": 0.8598130941390991,
      "walltime_sec": 25.779994249343872
    },
    {
      "method": "vanilla",
      "seed": 1,
      "epochs": 10,
      "lr": 0.001,
      "alpha": 0.5,
      "temperature": 0.5,
      "weight_scale": 1.0,
      "image_size": 96,
      "val_eval_acc": 0.6666666865348816,
      "val_eval_worst": 0.16867469251155853,
      "test_acc": 0.6615464091300964,
      "test_worst": 0.1370716542005539,
      "val_eval_acc_g0": 0.9856114983558655,
      "test_acc_g0": 0.9796009063720703,
      "val_eval_acc_g1": 0.41586539149284363,
      "test_acc_g1": 0.4385809302330017,
      "val_eval_acc_g2": 0.16867469251155853,
      "test_acc_g2": 0.1370716542005539,
      "val_eval_acc_g3": 0.8192771077156067,
      "test_acc_g3": 0.8520249128341675,
      "walltime_sec": 25.853734493255615
    },
    {
      "method": "vanilla",
      "seed": 2,
      "epochs": 10,
      "lr": 0.001,
      "alpha": 0.5,
      "temperature": 0.5,
      "weight_scale": 1.0,
      "image_size": 96,
      "val_eval_acc": 0.6266266107559204,
      "val_eval_worst": 0.20481927692890167,
      "test_acc": 0.6342768669128418,
      "test_worst": 0.1962616890668869,
      "val_eval_acc_g0": 0.9664268493652344,
      "test_acc_g0": 0.9676274657249451,
      "val_eval_acc_g1": 0.3100961446762085,
      "test_acc_g1": 0.35121950507164,
      "val_eval_acc_g2": 0.20481927692890167,
      "test_acc_g2": 0.1962616890668869,
      "val_eval_acc_g3": 0.9277108311653137,
      "test_acc_g3": 0.895638644695282,
      "walltime_sec": 25.97071361541748
    },
    {
      "method": "fairds-1",
      "seed": 0,
      "epochs": 10,
      "lr": 0.001,
      "alpha": 0.5,
      "temperature": 0.5,
      "weight_scale": 1.0,
      "image_size": 96,
      "val_eval_acc": 0.4424424469470978,
      "val_eval_worst": 0.0625,
      "test_acc": 0.4604763686656952,
      "test_worst": 0.06031041964888573,
      "val_eval_acc_g0": 0.6570743322372437,
      "test_acc_g0": 0.6399112939834595,
      "val_eval_acc_g1": 0.0625,
      "test_acc_g1": 0.06031041964888573,
      "val_eval_acc_g2": 0.7228915691375732,
      "test_acc_g2": 0.7071651220321655,
      "val_eval_acc_g3": 0.9879518151283264,
      "test_acc_g3": 0.9890965819358826,
      "walltime_sec": 40.811378717422485
    },
    {
      "method": "fairds-1",
      "seed": 1,
      "epochs": 10,
      "lr": 0.001,
      "alpha": 0.5,
      "temperature": 0.5,
      "weight_scale": 1.0,
      "image_size": 96,
      "val_eval_acc": 0.5935935974121094,
      "val_eval_worst": 0.2572115361690521,
      "test_acc": 0.5973420739173889,
      "test_worst": 0.2687361538410187,
      "val_eval_acc_g0": 0.918465256690979,
      "test_acc_g0": 0.9192904829978943,
      "val_eval_acc_g1": 0.2572115361690521,
      "test_acc_g1": 0.2687361538410187,
      "val_eval_acc_g2": 0.3132530152797699,
      "test_acc_g2": 0.29595014452934265,
      "val_eval_acc_g3": 0.9277108311653137,
      "test_acc_g3": 0.9221183657646179,
      "walltime_sec": 45.470975160598755
    },
    {
      "method": "fairds-1",
      "seed": 2,
      "epochs": 10,
      "lr": 0.001,
      "alpha": 0.5,
      "temperature": 0.5,
      "weight_scale": 1.0,
      "image_size": 96,
      "val_eval_acc": 0.4424424469470978,
      "val_eval_worst": 0.08653846383094788,
      "test_acc": 0.47169485688209534,
      "test_worst": 0.072727270424366,
      "val_eval_acc_g0": 0.6450839042663574,
      "test_acc_g0": 0.6558758020401001,
      "val_eval_acc_g1": 0.08653846383094788,
      "test_acc_g1": 0.072727270424366,
      "val_eval_acc_g2": 0.650602400302887,
      "test_acc_g2": 0.7118380069732666,
      "val_eval_acc_g3": 1.0,
      "test_acc_g3": 0.985981285572052,
      "walltime_sec": 44.93009543418884
    },
    {
      "method": "fairds-2",
      "seed": 0,
      "epochs": 10,
      "lr": 0.001,
      "alpha": 0.5,
      "temperature": 0.5,
      "weight_scale": 1.0,
      "image_size": 96,
      "val_eval_acc": 0.5015015006065369,
      "val_eval_worst": 0.12980769574642181,
      "test_acc": 0.5169140696525574,
      "test_worst": 0.11840354651212692,
      "val_eval_acc_g0": 0.7625899314880371,
      "test_acc_g0": 0.7609755992889404,
      "val_eval_acc_g1": 0.12980769574642181,
      "test_acc_g1": 0.11840354651212692,
      "val_eval_acc_g2": 0.5783132314682007,
      "test_acc_g2": 0.5981308221817017,
      "val_eval_acc_g3": 0.9759036302566528,
      "test_acc_g3": 0.9781931638717651,
      "walltime_sec": 97.60761284828186
    },
    {
      "method": "fairds-2",
      "seed": 1,
      "epochs": 10,
      "lr": 0.001,
      "alpha": 0.5,
      "temperature": 0.5,
      "weight_scale": 1.0,
      "image_size": 96,
      "val_eval_acc": 0.5885885953903198,
      "val_eval_worst": 0.24519230425357819,
      "test_acc": 0.5978598594665527,
      "test_worst": 0.2549889087677002,
      "val_eval_acc_g0": 0.9280575513839722,
      "test_acc_g0": 0.9317073225975037,
      "val_eval_acc_g1": 0.24519230425357819,
      "test_acc_g1": 0.2549889087677002,
      "val_eval_acc_g2": 0.27710843086242676,
      "test_acc_g2": 0.302180677652359,
      "val_eval_acc_g3": 0.9156626462936401,
      "test_acc_g3": 0.9252336621284485,
      "walltime_sec": 90.33481121063232
    },
    {
      "method": "fairds-2",
      "seed": 2,
      "epochs": 10,
      "lr": 0.001,
      "alpha": 0.5,
      "temperature": 0.5,
      "weight_scale": 1.0,
      "image_size": 96,
      "val_eval_acc": 0.46746745705604553,
      "val_eval_worst": 0.07211538404226303,
      "test_acc": 0.47480151057243347,
      "test_worst": 0.061640799045562744,
      "val_eval_acc_g0": 0.7242206335067749,
      "test_acc_g0": 0.7011086344718933,
      "val_eval_acc_g1": 0.07211538404226303,
      "test_acc_g1": 0.061640799045562744,
      "val_eval_acc_g2": 0.6265060305595398,
      "test_acc_g2": 0.618380069732666,
      "val_eval_acc_g3": 1.0,
      "test_acc_g3": 0.9875389337539673,
      "walltime_sec": 90.32282757759094
    },
    {
      "method": "ren2018",
      "seed": 0,
      "epochs": 10,
      "lr": 0.001,
      "alpha": 0.5,
      "temperature": 0.5,
      "weight_scale": 1.0,
      "image_size": 96,
      "val_eval_acc": 0.6256256103515625,
      "val_eval_worst": 0.4447115361690521,
      "test_acc": 0.6527442336082458,
      "test_worst": 0.4545454680919647,
      "val_eval_acc_g0": 0.7218225598335266,
      "test_acc_g0": 0.7321507930755615,
      "val_eval_acc_g1": 0.4447115361690521,
      "test_acc_g1": 0.4545454680919647,
      "val_eval_acc_g2": 0.7469879388809204,
      "test_acc_g2": 0.7881619930267334,
      "val_eval_acc_g3": 0.9277108311653137,
      "test_acc_g3": 0.9345794320106506,
      "walltime_sec": 45.90952253341675
    },
    {
      "method": "ren2018",
      "seed": 1,
      "epochs": 10,
      "lr": 0.001,
      "alpha": 0.5,
      "temperature": 0.5,
      "weight_scale": 1.0,
      "image_size": 96,