{
  "args": {
    "methods": [
      "vanilla",
      "fairds-1",
      "fairds-2",
      "ren2018"
    ],
    "seeds": [
      0,
      1
    ],
    "ratios": [
      0.9
    ],
    "strengths": [
      0.9
    ],
    "epochs": 30,
    "n_train": 1400,
    "batch_size": 64,
    "lr": 0.02,
    "alpha": 0.5,
    "temperature": 0.1,
    "weight_scale": 4.0,
    "arm": null,
    "device": "cuda",
    "out_root": "results/e6_diag0"
  },
  "runs": [
    {
      "method": "vanilla",
      "seed": 0,
      "majority_ratio": 0.9,
      "p_corr_majority": 0.9,
      "arm": null,
      "epochs": 30,
      "lr": 0.02,
      "alpha": 0.5,
      "temperature": 0.1,
      "weight_scale": 4.0,
      "n_train": 1400,
      "val_eval_acc": 0.7233333587646484,
      "val_eval_worst": 0.5666666626930237,
      "val_eval_acc_g0": 0.8799999952316284,
      "val_eval_acc_g1": 0.5666666626930237,
      "test_acc": 0.15000000596046448,
      "test_worst": 0.05740740895271301,
      "test_acc_aligned": 0.9833333492279053,
      "test_acc_flipped": 0.05740740895271301,
      "walltime_sec": 10.451403617858887
    },
    {
      "method": "vanilla",
      "seed": 1,
      "majority_ratio": 0.9,
      "p_corr_majority": 0.9,
      "arm": null,
      "epochs": 30,
      "lr": 0.02,
      "alpha": 0.5,
      "temperature": 0.1,
      "weight_scale": 4.0,
      "n_train": 1400,
      "val_eval_acc": 0.6800000071525574,
      "val_eval_worst": 0.5066666603088379,
      "val_eval_acc_g0": 0.8533333539962769,
      "val_eval_acc_g1": 0.5066666603088379,
      "test_acc": 0.11999999731779099,
      "test_worst": 0.029411764815449715,
      "test_acc_aligned": 1.0,
      "test_acc_flipped": 0.029411764815449715,
      "walltime_sec": 10.014626026153564
    },
    {
      "method": "fairds-1",
      "seed": 0,
      "majority_ratio": 0.9,
      "p_corr_majority": 0.9,
      "arm": null,
      "epochs": 30,
      "lr": 0.02,
      "alpha": 0.5,
      "temperature": 0.1,
      "weight_scale": 4.0,
      "n_train": 1400,
      "val_eval_acc": 0.7200000286102295,
      "val_eval_worst": 0.5866666436195374,
      "val_eval_acc_g0": 0.8533333539962769,
      "val_eval_acc_g1": 0.5866666436195374,
      "test_acc": 0.22499999403953552,
      "test_worst": 0.14444445073604584,
      "test_acc_aligned": 0.949999988079071,
      "test_acc_flipped": 0.14444445073604584,
      "w_std_mean": 3.1033007011269076,
      "walltime_sec": 19.183435916900635
    },
    {
      "method": "fairds-1",
      "seed": 1,
      "majority_ratio": 0.9,
      "p_corr_majority": 0.9,
      "arm": null,
      "epochs": 30,
      "lr": 0.02,
      "alpha": 0.5,
      "temperature": 0.1,
      "weight_scale": 4.0,
      "n_train": 1400,
      "val_eval_acc": 0.6866666674613953,
      "val_eval_worst": 0.5266666412353516,
      "val_eval_acc_g0": 0.846666693687439,
      "val_eval_acc_g1": 0.5266666412353516,
      "test_acc": 0.15666666626930237,
      "test_worst": 0.06985294073820114,
      "test_acc_aligned": 1.0,
      "test_acc_flipped": 0.06985294073820114,
      "w_std_mean": 2.9339350778948177,
      "walltime_sec": 18.91942000389099
    },
    {
      "method": "fairds-2",
      "seed": 0,
      "majority_ratio": 0.9,
      "p_corr_majority": 0.9,
      "arm": null,
      "epochs": 30,
      "lr": 0.02,
      "alpha": 0.5,
      "temperature": 0.1,
      "weight_scale": 4.0,
      "n_train": 1400,
      "val_eval_acc": 0.5933333039283752,
      "val_eval_worst": 0.5400000214576721,
      "val_eval_acc_g0": 0.6466666460037231,
      "val_eval_acc_g1": 0.5400000214576721,
      "test_acc": 0.5016666650772095,
      "test_worst": 0.47592592239379883,
      "test_acc_aligned": 0.7333333492279053,
      "test_acc_flipped": 0.47592592239379883,
      "w_std_mean": 2.896744804039146,
      "walltime_sec": 50.230146169662476
    },
    {
      "method": "fairds-2",
      "seed": 1,
      "majority_ratio": 0.9,
      "p_corr_majority": 0.9,
      "arm": null,
      "epochs": 30,
      "lr": 0.02,
      "alpha": 0.5,
      "temperature": 0.1,
      "weight_scale": 4.0,
      "n_train": 1400,
      "val_eval_acc": 0.70333331823349,
      "val_eval_worst": 0.5733333230018616,
      "val_eval_acc_g0": 0.8333333134651184,
      "val_eval_acc_g1": 0.5733333230018616,
      "test_acc": 0.2783333361148834,
      "test_worst": 0.20404411852359772,
      "test_acc_aligned": 1.0,
      "test_acc_flipped": 0.20404411852359772,
      "w_std_mean": 2.6951703852776325,
      "walltime_sec": 50.22793483734131
    },
    {
      "method": "ren2018",
      "seed": 0,
      "majority_ratio": 0.9,
      "p_corr_majority": 0.9,
      "arm": null,
      "epochs": 30,
      "lr": 0.02,
      "alpha": 0.5,
      "temperature": 0.1,
      "weight_scale": 4.0,
      "n_train": 1400,
      "val_eval_acc": 0.7166666388511658,
      "val_eval_worst": 0.5600000023841858,
      "val_eval_acc_g0": 0.8733333349227905,
      "val_eval_acc_g1": 0.5600000023841858,
      "test_acc": 0.2016666680574417,
      "test_worst": 0.11666666716337204,
      "test_acc_aligned": 0.9666666388511658,
      "test_acc_flipped": 0.11666666716337204,
      "walltime_sec": 22.30423331260681
    },
    {
      "method": "ren2018",
      "seed": 1,
      "majority_ratio": 0.9,
      "p_corr_majority": 0.9,
      "arm": null,
      "epochs": 30,
      "lr": 0.02,
      "alpha": 0.5,
      "temperature": 0.1,
      "weight_scale": 4.0,
      "n_train": 1400,
      "val_eval_acc": 0.7099999785423279,
      "val_eval_worst": 0.5733333230018616,
      "val_eval_acc_g0": 0.846666693687439,
      "val_eval_acc_g1": 0.5733333230018616,
      "test_acc": 0.2016666680574417,
      "test_worst": 0.12316176295280457,
      "test_acc_aligned": 0.9642857313156128,
      "test_acc_flipped": 0.12316176295280457,
      "walltime_sec": 22.303024291992188
    }
  ],
  "total_walltime_sec": 203.634667634964
}