{
  "args": {
    "methods": [
      "fairds-2"
    ],
    "seeds": [
      0,
      1,
      2,
      3,
      4,
      5,
      6,
      7,
      8,
      9
    ],
    "ratios": [
      0.9
    ],
    "strengths": [
      0.9
    ],
    "epochs": 30,
    "n_train": 5000,
    "batch_size": 128,
    "lr": 0.02,
    "alpha": 0.5,
    "temperature": 0.1,
    "weight_scale": 4.0,
    "arm": "sign_flip",
    "device": "cuda",
    "out_root": "results/e5_resid_abl/sign_flip"
  },
  "runs": [
    {
      "method": "fairds-2",
      "seed": 0,
      "majority_ratio": 0.9,
      "p_corr_majority": 0.9,
      "arm": "sign_flip",
      "epochs": 30,
      "lr": 0.02,
      "alpha": 0.5,
      "temperature": 0.1,
      "weight_scale": 4.0,
      "n_train": 5000,
      "val_eval_acc": 0.5519999861717224,
      "val_eval_worst": 0.5400000214576721,
      "val_eval_acc_g0": 0.5400000214576721,
      "val_eval_acc_g1": 0.5640000104904175,
      "test_acc": 0.49950000643730164,
      "test_worst": 0.4905450642108917,
      "test_acc_aligned": 0.5792078971862793,
      "test_acc_flipped": 0.4905450642108917,
      "w_std_mean": 2.752561267018318,
      "walltime_sec": 13.14478611946106
    },
    {
      "method": "fairds-2",
      "seed": 1,
      "majority_ratio": 0.9,
      "p_corr_majority": 0.9,
      "arm": "sign_flip",
      "epochs": 30,
      "lr": 0.02,
      "alpha": 0.5,
      "temperature": 0.1,
      "weight_scale": 4.0,
      "n_train": 5000,
      "val_eval_acc": 0.7099999785423279,
      "val_eval_worst": 0.5320000052452087,
      "val_eval_acc_g0": 0.8880000114440918,
      "val_eval_acc_g1": 0.5320000052452087,
      "test_acc": 0.10499999672174454,
      "test_worst": 0.0,
      "test_acc_aligned": 0.9952606558799744,
      "test_acc_flipped": 0.0,
      "w_std_mean": 2.6446677592396735,
      "walltime_sec": 12.909059047698975
    },
    {
      "method": "fairds-2",
      "seed": 2,
      "majority_ratio": 0.9,
      "p_corr_majority": 0.9,
      "arm": "sign_flip",
      "epochs": 30,
      "lr": 0.02,
      "alpha": 0.5,
      "temperature": 0.1,
      "weight_scale": 4.0,
      "n_train": 5000,
      "val_eval_acc": 0.699999988079071,
      "val_eval_worst": 0.5040000081062317,
      "val_eval_acc_g0": 0.8960000276565552,
      "val_eval_acc_g1": 0.5040000081062317,
      "test_acc": 0.1014999970793724,
      "test_worst": 0.0011123470030725002,
      "test_acc_aligned": 0.9950494766235352,
      "test_acc_flipped": 0.0011123470030725002,
      "w_std_mean": 2.750976699168483,
      "walltime_sec": 12.53808331489563
    },
    {
      "method": "fairds-2",
      "seed": 3,
      "majority_ratio": 0.9,
      "p_corr_majority": 0.9,
      "arm": "sign_flip",
      "epochs": 30,
      "lr": 0.02,
      "alpha": 0.5,
      "temperature": 0.1,
      "weight_scale": 4.0,
      "n_train": 5000,
      "val_eval_acc": 0.6859999895095825,
      "val_eval_worst": 0.4880000054836273,
      "val_eval_acc_g0": 0.8840000033378601,
      "val_eval_acc_g1": 0.4880000054836273,
      "test_acc": 0.08299999684095383,
      "test_worst": 0.0021774631459265947,
      "test_acc_aligned": 0.9938650131225586,
      "test_acc_flipped": 0.0021774631459265947,
      "w_std_mean": 2.078521882146597,
      "walltime_sec": 12.47059178352356
    },
    {
      "method": "fairds-2",
      "seed": 4,
      "majority_ratio": 0.9,
      "p_corr_majority": 0.9,
      "arm": "sign_flip",
      "epochs": 30,
      "lr": 0.02,
      "alpha": 0.5,
      "temperature": 0.1,
      "weight_scale": 4.0,
      "n_train": 5000,
      "val_eval_acc": 0.7139999866485596,
      "val_eval_worst": 0.5360000133514404,
      "val_eval_acc_g0": 0.8920000195503235,
      "val_eval_acc_g1": 0.5360000133514404,
      "test_acc": 0.23199999332427979,
      "test_worst": 0.15072302520275116,
      "test_acc_aligned": 0.9554455280303955,
      "test_acc_flipped": 0.15072302520275116,
      "w_std_mean": 2.8405736248691875,
      "walltime_sec": 18.551557540893555
    },
    {
      "method": "fairds-2",
      "seed": 5,
      "majority_ratio": 0.9,
      "p_corr_majority": 0.9,
      "arm": "sign_flip",
      "epochs": 30,
      "lr": 0.02,
      "alpha": 0.5,
      "temperature": 0.1,
      "weight_scale": 4.0,
      "n_train": 5000,
      "val_eval_acc": 0.6819999814033508,
      "val_eval_worst": 0.4880000054836273,
      "val_eval_acc_g0": 0.8759999871253967,
      "val_eval_acc_g1": 0.4880000054836273,
      "test_acc": 0.10599999874830246,
      "test_worst": 0.0011185682378709316,
      "test_acc_aligned": 0.9905660152435303,
      "test_acc_flipped": 0.0011185682378709316,
      "w_std_mean": 2.1435057648519673,
      "walltime_sec": 12.353971719741821
    },
    {
      "method": "fairds-2",
      "seed": 6,
      "majority_ratio": 0.9,
      "p_corr_majority": 0.9,
      "arm": "sign_flip",
      "epochs": 30,
      "lr": 0.02,
      "alpha": 0.5,
      "temperature": 0.1,
      "weight_scale": 4.0,
      "n_train": 5000,
      "val_eval_acc": 0.7059999704360962,
      "val_eval_worst": 0.5320000052452087,
      "val_eval_acc_g0": 0.8799999952316284,
      "val_eval_acc_g1": 0.5320000052452087,
      "test_acc": 0.09950000047683716,
      "test_worst": 0.0005549389752559364,
      "test_acc_aligned": 1.0,
      "test_acc_flipped": 0.0005549389752559364,
      "w_std_mean": 2.817269860605399,
      "walltime_sec": 12.587620496749878
    },
    {
      "method": "fairds-2",
      "seed": 7,
      "majority_ratio": 0.9,
      "p_corr_majority": 0.9,
      "arm": "sign_flip",
      "epochs": 30,
      "lr": 0.02,
      "alpha": 0.5,
      "temperature": 0.1,
      "weight_scale": 4.0,
      "n_train": 5000,
      "val_eval_acc": 0.722000002861023,
      "val_eval_worst": 0.5120000243186951,
      "val_eval_acc_g0": 0.9319999814033508,
      "val_eval_acc_g1": 0.5120000243186951,
      "test_acc": 0.11249999701976776,
      "test_worst": 0.01936911977827549,
      "test_acc_aligned": 0.984455943107605,
      "test_acc_flipped": 0.01936911977827549,
      "w_std_mean": 2.282373167723417,
      "walltime_sec": 16.31207585334778
    },
    {
      "method": "fairds-2",
      "seed": 8,
      "majority_ratio": 0.9,
      "p_corr_majority": 0.9,
      "arm": "sign_flip",
      "epochs": 30,
      "lr": 0.02,
      "alpha": 0.5,
      "temperature": 0.1,
      "weight_scale": 4.0,
      "n_train": 5000,
      "val_eval_acc": 0.7239999771118164,
      "val_eval_worst": 0.527999997138977,
      "val_eval_acc_g0": 0.9200000166893005,
      "val_eval_acc_g1": 0.527999997138977,
      "test_acc": 0.10050000250339508,
      "test_worst": 0.0027731559239327908,
      "test_acc_aligned": 0.9949238300323486,
      "test_acc_flipped": 0.0027731559239327908,
      "w_std_mean": 2.1193459292749566,
      "walltime_sec": 11.90897011756897
    },
    {
      "method": "fairds-2",
      "seed": 9,
      "majority_ratio": 0.9,
      "p_corr_majority": 0.9,
      "arm": "sign_flip",
      "epochs": 30,
      "lr": 0.02,
      "alpha": 0.5,
      "temperature": 0.1,
      "weight_scale": 4.0,
      "n_train": 5000,
      "val_eval_acc": 0.7239999771118164,
      "val_eval_worst": 0.5440000295639038,
      "val_eval_acc_g0": 0.9039999842643738,
      "val_eval_acc_g1": 0.5440000295639038,
      "test_acc": 0.09749999642372131,
      "test_worst": 0.0,
      "test_acc_aligned": 1.0,
      "test_acc_flipped": 0.0,
      "w_std_mean": 3.0651387263337773,
      "walltime_sec": 12.157936334609985
    }
  ],
  "total_walltime_sec": 134.9351270198822
}