{
  "args": {
    "methods": [
      "fairds-2"
    ],
    "seeds": [
      0,
      1,
      2,
      3,
      4,
      5,
      6,
      7,
      8,
      9
    ],
    "ratios": [
      0.9
    ],
    "epochs": 20,
    "n_train": 5000,
    "batch_size": 128,
    "lr": 0.05,
    "alpha": 0.5,
    "temperature": 0.1,
    "weight_scale": 4.0,
    "arm": "residual_shuffle",
    "device": "cuda",
    "out_root": "results/e3_resid/residual_shuffle"
  },
  "runs": [
    {
      "method": "fairds-2",
      "seed": 0,
      "majority_ratio": 0.9,
      "arm": "residual_shuffle",
      "epochs": 20,
      "lr": 0.05,
      "alpha": 0.5,
      "temperature": 0.1,
      "weight_scale": 4.0,
      "n_train": 5000,
      "val_eval_acc": 0.8600000143051147,
      "val_eval_worst": 0.8280000686645508,
      "val_eval_acc_g0": 0.8920000195503235,
      "val_eval_acc_g1": 0.8280000686645508,
      "test_acc": 0.7996000051498413,
      "test_worst": 0.7888888716697693,
      "test_acc_aligned": 0.8960000276565552,
      "test_acc_flipped": 0.7888888716697693,
      "w_std_mean": 2.5935061659663914,
      "walltime_sec": 8.048890113830566
    },
    {
      "method": "fairds-2",
      "seed": 1,
      "majority_ratio": 0.9,
      "arm": "residual_shuffle",
      "epochs": 20,
      "lr": 0.05,
      "alpha": 0.5,
      "temperature": 0.1,
      "weight_scale": 4.0,
      "n_train": 5000,
      "val_eval_acc": 0.8880000710487366,
      "val_eval_worst": 0.8360000252723694,
      "val_eval_acc_g0": 0.940000057220459,
      "val_eval_acc_g1": 0.8360000252723694,
      "test_acc": 0.8289999961853027,
      "test_worst": 0.8180818557739258,
      "test_acc_aligned": 0.9383259415626526,
      "test_acc_flipped": 0.8180818557739258,
      "w_std_mean": 2.754078155271709,
      "walltime_sec": 7.139420032501221
    },
    {
      "method": "fairds-2",
      "seed": 2,
      "majority_ratio": 0.9,
      "arm": "residual_shuffle",
      "epochs": 20,
      "lr": 0.05,
      "alpha": 0.5,
      "temperature": 0.1,
      "weight_scale": 4.0,
      "n_train": 5000,
      "val_eval_acc": 0.8880000710487366,
      "val_eval_worst": 0.8600000143051147,
      "val_eval_acc_g0": 0.9160000681877136,
      "val_eval_acc_g1": 0.8600000143051147,
      "test_acc": 0.8294000029563904,
      "test_worst": 0.8192931413650513,
      "test_acc_aligned": 0.9201596975326538,
      "test_acc_flipped": 0.8192931413650513,
      "w_std_mean": 2.45903223477304,
      "walltime_sec": 7.432075023651123
    },
    {
      "method": "fairds-2",
      "seed": 3,
      "majority_ratio": 0.9,
      "arm": "residual_shuffle",
      "epochs": 20,
      "lr": 0.05,
      "alpha": 0.5,
      "temperature": 0.1,
      "weight_scale": 4.0,
      "n_train": 5000,
      "val_eval_acc": 0.9200000166893005,
      "val_eval_worst": 0.8840000629425049,
      "val_eval_acc_g0": 0.956000030040741,
      "val_eval_acc_g1": 0.8840000629425049,
      "test_acc": 0.8443999886512756,
      "test_worst": 0.8304444551467896,
      "test_acc_aligned": 0.9700000286102295,
      "test_acc_flipped": 0.8304444551467896,
      "w_std_mean": 2.5895703288167713,
      "walltime_sec": 6.275554895401001
    },
    {
      "method": "fairds-2",
      "seed": 4,
      "majority_ratio": 0.9,
      "arm": "residual_shuffle",
      "epochs": 20,
      "lr": 0.05,
      "alpha": 0.5,
      "temperature": 0.1,
      "weight_scale": 4.0,
      "n_train": 5000,
      "val_eval_acc": 0.6600000262260437,
      "val_eval_worst": 0.6200000047683716,
      "val_eval_acc_g0": 0.6200000047683716,
      "val_eval_acc_g1": 0.7000000476837158,
      "test_acc": 0.8251999616622925,
      "test_worst": 0.5723404288291931,
      "test_acc_aligned": 0.5723404288291931,
      "test_acc_flipped": 0.8514348268508911,
      "w_std_mean": 2.658479520007968,
      "walltime_sec": 6.250094175338745
    },
    {
      "method": "fairds-2",
      "seed": 5,
      "majority_ratio": 0.9,
      "arm": "residual_shuffle",
      "epochs": 20,
      "lr": 0.05,
      "alpha": 0.5,
      "temperature": 0.1,
      "weight_scale": 4.0,
      "n_train": 5000,
      "val_eval_acc": 0.878000020980835,
      "val_eval_worst": 0.8680000305175781,
      "val_eval_acc_g0": 0.8880000710487366,
      "val_eval_acc_g1": 0.8680000305175781,
      "test_acc": 0.8089999556541443,
      "test_worst": 0.79698246717453,
      "test_acc_aligned": 0.9188640713691711,
      "test_acc_flipped": 0.79698246717453,
      "w_std_mean": 2.715321682989597,
      "walltime_sec": 6.153089761734009
    },
    {
      "method": "fairds-2",
      "seed": 6,
      "majority_ratio": 0.9,
      "arm": "residual_shuffle",
      "epochs": 20,
      "lr": 0.05,
      "alpha": 0.5,
      "temperature": 0.1,
      "weight_scale": 4.0,
      "n_train": 5000,
      "val_eval_acc": 0.9000000357627869,
      "val_eval_worst": 0.8880000710487366,
      "val_eval_acc_g0": 0.9120000600814819,
      "val_eval_acc_g1": 0.8880000710487366,
      "test_acc": 0.8705999851226807,
      "test_worst": 0.8634449243545532,
      "test_acc_aligned": 0.9366052746772766,
      "test_acc_flipped": 0.8634449243545532,
      "w_std_mean": 2.539425156712532,
      "walltime_sec": 5.198030710220337
    },
    {
      "method": "fairds-2",
      "seed": 7,
      "majority_ratio": 0.9,
      "arm": "residual_shuffle",
      "epochs": 20,
      "lr": 0.05,
      "alpha": 0.5,
      "temperature": 0.1,
      "weight_scale": 4.0,
      "n_train": 5000,
      "val_eval_acc": 0.9040000438690186,
      "val_eval_worst": 0.8760000467300415,
      "val_eval_acc_g0": 0.9320000410079956,
      "val_eval_acc_g1": 0.8760000467300415,
      "test_acc": 0.7089999914169312,
      "test_worst": 0.6869891881942749,
      "test_acc_aligned": 0.9196617007255554,
      "test_acc_flipped": 0.6869891881942749,
      "w_std_mean": 2.3024252746999263,
      "walltime_sec": 4.887139320373535
    },
    {
      "method": "fairds-2",
      "seed": 8,
      "majority_ratio": 0.9,
      "arm": "residual_shuffle",
      "epochs": 20,
      "lr": 0.05,
      "alpha": 0.5,
      "temperature": 0.1,
      "weight_scale": 4.0,
      "n_train": 5000,
      "val_eval_acc": 0.9200000166893005,
      "val_eval_worst": 0.8760000467300415,
      "val_eval_acc_g0": 0.9640000462532043,
      "val_eval_acc_g1": 0.8760000467300415,
      "test_acc": 0.835599958896637,
      "test_worst": 0.8205928206443787,
      "test_acc_aligned": 0.9668616056442261,
      "test_acc_flipped": 0.8205928206443787,
      "w_std_mean": 2.6824723126739265,
      "walltime_sec": 5.613017797470093
    },
    {
      "method": "fairds-2",
      "seed": 9,
      "majority_ratio": 0.9,
      "arm": "residual_shuffle",
      "epochs": 20,
      "lr": 0.05,
      "alpha": 0.5,
      "temperature": 0.1,
      "weight_scale": 4.0,
      "n_train": 5000,
      "val_eval_acc": 0.9320000410079956,
      "val_eval_worst": 0.8960000276565552,
      "val_eval_acc_g0": 0.968000054359436,
      "val_eval_acc_g1": 0.8960000276565552,
      "test_acc": 0.8303999900817871,
      "test_worst": 0.8146005272865295,
      "test_acc_aligned": 0.9704142212867737,
      "test_acc_flipped": 0.8146005272865295,
      "w_std_mean": 2.766578663289547,
      "walltime_sec": 5.51659631729126
    }
  ],
  "total_walltime_sec": 62.51434779167175
}