{
  "args": {
    "methods": [
      "fairds-2"
    ],
    "seeds": [
      10,
      11,
      12,
      13,
      14,
      15,
      16,
      17,
      18,
      19
    ],
    "ratios": [
      0.9
    ],
    "strengths": [
      0.9
    ],
    "epochs": 30,
    "n_train": 5000,
    "batch_size": 128,
    "lr": 0.02,
    "alpha": 0.5,
    "temperature": 0.1,
    "weight_scale": 4.0,
    "arm": "residual_real",
    "device": "cuda",
    "out_root": "results/e5_resid_abl/residual_real"
  },
  "runs": [
    {
      "method": "fairds-2",
      "seed": 10,
      "majority_ratio": 0.9,
      "p_corr_majority": 0.9,
      "arm": "residual_real",
      "epochs": 30,
      "lr": 0.02,
      "alpha": 0.5,
      "temperature": 0.1,
      "weight_scale": 4.0,
      "n_train": 5000,
      "val_eval_acc": 0.6759999990463257,
      "val_eval_worst": 0.5960000157356262,
      "val_eval_acc_g0": 0.7559999823570251,
      "val_eval_acc_g1": 0.5960000157356262,
      "test_acc": 0.46950000524520874,
      "test_worst": 0.4384317994117737,
      "test_acc_aligned": 0.7671957612037659,
      "test_acc_flipped": 0.4384317994117737,
      "w_std_mean": 3.4149025535583495,
      "walltime_sec": 13.741013050079346
    },
    {
      "method": "fairds-2",
      "seed": 11,
      "majority_ratio": 0.9,
      "p_corr_majority": 0.9,
      "arm": "residual_real",
      "epochs": 30,
      "lr": 0.02,
      "alpha": 0.5,
      "temperature": 0.1,
      "weight_scale": 4.0,
      "n_train": 5000,
      "val_eval_acc": 0.4860000014305115,
      "val_eval_worst": 0.4440000057220459,
      "val_eval_acc_g0": 0.527999997138977,
      "val_eval_acc_g1": 0.4440000057220459,
      "test_acc": 0.49000000953674316,
      "test_worst": 0.4866962432861328,
      "test_acc_aligned": 0.5204081535339355,
      "test_acc_flipped": 0.4866962432861328,
      "w_std_mean": 3.4058156261096397,
      "walltime_sec": 13.401326417922974
    },
    {
      "method": "fairds-2",
      "seed": 12,
      "majority_ratio": 0.9,
      "p_corr_majority": 0.9,
      "arm": "residual_real",
      "epochs": 30,
      "lr": 0.02,
      "alpha": 0.5,
      "temperature": 0.1,
      "weight_scale": 4.0,
      "n_train": 5000,
      "val_eval_acc": 0.722000002861023,
      "val_eval_worst": 0.6240000128746033,
      "val_eval_acc_g0": 0.8199999928474426,
      "val_eval_acc_g1": 0.6240000128746033,
      "test_acc": 0.43849998712539673,
      "test_worst": 0.39845898747444153,
      "test_acc_aligned": 0.8360655903816223,
      "test_acc_flipped": 0.39845898747444153,
      "w_std_mean": 3.4868258114655815,
      "walltime_sec": 11.896773338317871
    },
    {
      "method": "fairds-2",
      "seed": 13,
      "majority_ratio": 0.9,
      "p_corr_majority": 0.9,
      "arm": "residual_real",
      "epochs": 30,
      "lr": 0.02,
      "alpha": 0.5,
      "temperature": 0.1,
      "weight_scale": 4.0,
      "n_train": 5000,
      "val_eval_acc": 0.7120000123977661,
      "val_eval_worst": 0.6320000290870667,
      "val_eval_acc_g0": 0.7919999957084656,
      "val_eval_acc_g1": 0.6320000290870667,
      "test_acc": 0.5665000081062317,
      "test_worst": 0.5416666865348816,
      "test_acc_aligned": 0.8238636255264282,
      "test_acc_flipped": 0.5416666865348816,
      "w_std_mean": 3.475139185041189,
      "walltime_sec": 12.024473667144775
    },
    {
      "method": "fairds-2",
      "seed": 14,
      "majority_ratio": 0.9,
      "p_corr_majority": 0.9,
      "arm": "residual_real",
      "epochs": 30,
      "lr": 0.02,
      "alpha": 0.5,
      "temperature": 0.1,
      "weight_scale": 4.0,
      "n_train": 5000,
      "val_eval_acc": 0.7139999866485596,
      "val_eval_worst": 0.656000018119812,
      "val_eval_acc_g0": 0.7720000147819519,
      "val_eval_acc_g1": 0.656000018119812,
      "test_acc": 0.5435000061988831,
      "test_worst": 0.5097602009773254,
      "test_acc_aligned": 0.8357487916946411,
      "test_acc_flipped": 0.5097602009773254,
      "w_std_mean": 3.480984172026316,
      "walltime_sec": 11.688387870788574
    },
    {
      "method": "fairds-2",
      "seed": 15,
      "majority_ratio": 0.9,
      "p_corr_majority": 0.9,
      "arm": "residual_real",
      "epochs": 30,
      "lr": 0.02,
      "alpha": 0.5,
      "temperature": 0.1,
      "weight_scale": 4.0,
      "n_train": 5000,
      "val_eval_acc": 0.7279999852180481,
      "val_eval_worst": 0.6200000047683716,
      "val_eval_acc_g0": 0.8360000252723694,
      "val_eval_acc_g1": 0.6200000047683716,
      "test_acc": 0.4009999930858612,
      "test_worst": 0.3487723171710968,
      "test_acc_aligned": 0.8509615659713745,
      "test_acc_flipped": 0.3487723171710968,
      "w_std_mean": 3.398356533249219,
      "walltime_sec": 14.981660842895508
    },
    {
      "method": "fairds-2",
      "seed": 16,
      "majority_ratio": 0.9,
      "p_corr_majority": 0.9,
      "arm": "residual_real",
      "epochs": 30,
      "lr": 0.02,
      "alpha": 0.5,
      "temperature": 0.1,
      "weight_scale": 4.0,
      "n_train": 5000,
      "val_eval_acc": 0.7279999852180481,
      "val_eval_worst": 0.656000018119812,
      "val_eval_acc_g0": 0.800000011920929,
      "val_eval_acc_g1": 0.656000018119812,
      "test_acc": 0.5525000095367432,
      "test_worst": 0.517241358757019,
      "test_acc_aligned": 0.822510838508606,
      "test_acc_flipped": 0.517241358757019,
      "w_std_mean": 3.468215990960598,
      "walltime_sec": 17.429445266723633
    },
    {
      "method": "fairds-2",
      "seed": 17,
      "majority_ratio": 0.9,
      "p_corr_majority": 0.9,
      "arm": "residual_real",
      "epochs": 30,
      "lr": 0.02,
      "alpha": 0.5,
      "temperature": 0.1,
      "weight_scale": 4.0,
      "n_train": 5000,
      "val_eval_acc": 0.7300000190734863,
      "val_eval_worst": 0.628000020980835,
      "val_eval_acc_g0": 0.8320000171661377,
      "val_eval_acc_g1": 0.628000020980835,
      "test_acc": 0.42800000309944153,
      "test_worst": 0.37146028876304626,
      "test_acc_aligned": 0.9396985173225403,
      "test_acc_flipped": 0.37146028876304626,
      "w_std_mean": 3.622627943853537,
      "walltime_sec": 12.831546306610107
    },
    {
      "method": "fairds-2",
      "seed": 18,
      "majority_ratio": 0.9,
      "p_corr_majority": 0.9,
      "arm": "residual_real",
      "epochs": 30,
      "lr": 0.02,
      "alpha": 0.5,
      "temperature": 0.1,
      "weight_scale": 4.0,
      "n_train": 5000,
      "val_eval_acc": 0.734000027179718,
      "val_eval_worst": 0.6679999828338623,
      "val_eval_acc_g0": 0.800000011920929,
      "val_eval_acc_g1": 0.6679999828338623,
      "test_acc": 0.49300000071525574,
      "test_worst": 0.463401198387146,
      "test_acc_aligned": 0.7868852615356445,
      "test_acc_flipped": 0.463401198387146,
      "w_std_mean": 3.350520272950331,
      "walltime_sec": 13.648479223251343
    },
    {
      "method": "fairds-2",
      "seed": 19,
      "majority_ratio": 0.9,
      "p_corr_majority": 0.9,
      "arm": "residual_real",
      "epochs": 30,
      "lr": 0.02,
      "alpha": 0.5,
      "temperature": 0.1,
      "weight_scale": 4.0,
      "n_train": 5000,
      "val_eval_acc": 0.7639999985694885,
      "val_eval_worst": 0.671999990940094,
      "val_eval_acc_g0": 0.8560000061988831,
      "val_eval_acc_g1": 0.671999990940094,
      "test_acc": 0.4925000071525574,
      "test_worst": 0.45077434182167053,
      "test_acc_aligned": 0.8854166865348816,
      "test_acc_flipped": 0.45077434182167053,
      "w_std_mean": 3.5386711963017783,
      "walltime_sec": 16.159995794296265
    }
  ],
  "total_walltime_sec": 137.80349969863892
}