{
  "args": {
    "methods": [
      "vanilla",
      "fairds-1",
      "fairds-2",
      "ren2018"
    ],
    "seeds": [
      0,
      1,
      2
    ],
    "epochs": 15,
    "batch_size": 64,
    "lr": 0.0001,
    "alpha": 0.5,
    "temperature": 0.5,
    "weight_scale": 1.0,
    "n_anchor_per_group": 50,
    "image_size": 96,
    "num_workers": 4,
    "warmup_epochs": 1,
    "no_ema": true,
    "device": "cuda",
    "out_root": "results/e3b_no_ema"
  },
  "runs": [
    {
      "method": "vanilla",
      "seed": 0,
      "epochs": 15,
      "lr": 0.0001,
      "alpha": 0.5,
      "temperature": 0.5,
      "weight_scale": 1.0,
      "image_size": 96,
      "val_eval_acc": 0.7437437176704407,
      "val_eval_worst": 0.14457830786705017,
      "test_acc": 0.7254055738449097,
      "test_worst": 0.20249220728874207,
      "val_eval_acc_g0": 0.9640287756919861,
      "test_acc_g0": 0.9618625044822693,
      "val_eval_acc_g1": 0.6682692170143127,
      "test_acc_g1": 0.6638581156730652,
      "val_eval_acc_g2": 0.14457830786705017,
      "test_acc_g2": 0.20249220728874207,
      "val_eval_acc_g3": 0.6144578456878662,
      "test_acc_g3": 0.6339563727378845,
      "walltime_sec": 35.46443581581116
    },
    {
      "method": "vanilla",
      "seed": 1,
      "epochs": 15,
      "lr": 0.0001,
      "alpha": 0.5,
      "temperature": 0.5,
      "weight_scale": 1.0,
      "image_size": 96,
      "val_eval_acc": 0.7307307124137878,
      "val_eval_worst": 0.0602409653365612,
      "test_acc": 0.6984812021255493,
      "test_worst": 0.05140186846256256,
      "val_eval_acc_g0": 0.9880095720291138,
      "test_acc_g0": 0.9866962432861328,
      "val_eval_acc_g1": 0.6370192170143127,
      "test_acc_g1": 0.6274944543838501,
      "val_eval_acc_g2": 0.0602409653365612,
      "test_acc_g2": 0.05140186846256256,
      "val_eval_acc_g3": 0.5783132314682007,
      "test_acc_g3": 0.5825545191764832,
      "walltime_sec": 35.6510443687439
    },
    {
      "method": "vanilla",
      "seed": 2,
      "epochs": 15,
      "lr": 0.0001,
      "alpha": 0.5,
      "temperature": 0.5,
      "weight_scale": 1.0,
      "image_size": 96,
      "val_eval_acc": 0.6996996998786926,
      "val_eval_worst": 0.08433734625577927,
      "test_acc": 0.6834656596183777,
      "test_worst": 0.090342678129673,
      "val_eval_acc_g0": 0.973621129989624,
      "test_acc_g0": 0.9756097793579102,
      "val_eval_acc_g1": 0.5528846383094788,
      "test_acc_g1": 0.5733924508094788,
      "val_eval_acc_g2": 0.08433734625577927,
      "test_acc_g2": 0.090342678129673,
      "val_eval_acc_g3": 0.6746987700462341,
      "test_acc_g3": 0.6370716691017151,
      "walltime_sec": 35.536935329437256
    },
    {
      "method": "fairds-1",
      "seed": 0,
      "epochs": 15,
      "lr": 0.0001,
      "alpha": 0.5,
      "temperature": 0.5,
      "weight_scale": 1.0,
      "image_size": 96,
      "val_eval_acc": 0.5205205082893372,
      "val_eval_worst": 0.20913460850715637,
      "test_acc": 0.5374525189399719,
      "test_worst": 0.20266075432300568,
      "val_eval_acc_g0": 0.7553957104682922,
      "test_acc_g0": 0.7720620632171631,
      "val_eval_acc_g1": 0.20913460850715637,
      "test_acc_g1": 0.20266075432300568,
      "val_eval_acc_g2": 0.5180723071098328,
      "test_acc_g2": 0.5062305331230164,
      "val_eval_acc_g3": 0.9036144614219666,
      "test_acc_g3": 0.9205607771873474,
      "walltime_sec": 65.99970650672913
    },
    {
      "method": "fairds-1",
      "seed": 1,
      "epochs": 15,
      "lr": 0.0001,
      "alpha": 0.5,
      "temperature": 0.5,
      "weight_scale": 1.0,
      "image_size": 96,
      "val_eval_acc": 0.5745745897293091,
      "val_eval_worst": 0.26201921701431274,
      "test_acc": 0.5652399063110352,
      "test_worst": 0.2341463416814804,
      "val_eval_acc_g0": 0.8729016780853271,
      "test_acc_g0": 0.8669623136520386,
      "val_eval_acc_g1": 0.26201921701431274,
      "test_acc_g1": 0.2341463416814804,
      "val_eval_acc_g2": 0.3132530152797699,
      "test_acc_g2": 0.336448609828949,
      "val_eval_acc_g3": 0.9036144614219666,
      "test_acc_g3": 0.8971962332725525,
      "walltime_sec": 70.04912495613098
    },
    {
      "method": "fairds-1",
      "seed": 2,
      "epochs": 15,
      "lr": 0.0001,
      "alpha": 0.5,
      "temperature": 0.5,
      "weight_scale": 1.0,
      "image_size": 96,
      "val_eval_acc": 0.4744744598865509,
      "val_eval_worst": 0.12259615212678909,
      "test_acc": 0.49206075072288513,
      "test_worst": 0.11618625372648239,
      "val_eval_acc_g0": 0.7098321318626404,
      "test_acc_g0": 0.7281596660614014,
      "val_eval_acc_g1": 0.12259615212678909,
      "test_acc_g1": 0.11618625372648239,
      "val_eval_acc_g2": 0.5421686768531799,
      "test_acc_g2": 0.5186915993690491,
      "val_eval_acc_g3": 0.9879518151283264,
      "test_acc_g3": 0.9563862681388855,
      "walltime_sec": 68.01865100860596
    },
    {
      "method": "fairds-2",
      "seed": 0,
      "epochs": 15,
      "lr": 0.0001,
      "alpha": 0.5,
      "temperature": 0.5,
      "weight_scale": 1.0,
      "image_size": 96,
      "val_eval_acc": 0.5165165066719055,
      "val_eval_worst": 0.20192307233810425,
      "test_acc": 0.5350362658500671,
      "test_worst": 0.1982261687517166,
      "val_eval_acc_g0": 0.7529975771903992,
      "test_acc_g0": 0.7689578533172607,
      "val_eval_acc_g1": 0.20192307233810425,
      "test_acc_g1": 0.1982261687517166,
      "val_eval_acc_g2": 0.5180723071098328,
      "test_acc_g2": 0.5109034180641174,
      "val_eval_acc_g3": 0.9036144614219666,
      "test_acc_g3": 0.9205607771873474,
      "walltime_sec": 129.342134475708
    },
    {
      "method": "fairds-2",
      "seed": 1,
      "epochs": 15,
      "lr": 0.0001,
      "alpha": 0.5,
      "temperature": 0.5,
      "weight_scale": 1.0,
      "image_size": 96,
      "val_eval_acc": 0.575575590133667,
      "val_eval_worst": 0.26201921701431274,
      "test_acc": 0.5683465600013733,
      "test_worst": 0.24212859570980072,
      "val_eval_acc_g0": 0.8752997517585754,
      "test_acc_g0": 0.8705099821090698,
      "val_eval_acc_g1": 0.26201921701431274,
      "test_acc_g1": 0.24212859570980072,
      "val_eval_acc_g2": 0.3132530152797699,
      "test_acc_g2": 0.32866042852401733,
      "val_eval_acc_g3": 0.9036144614219666,
      "test_acc_g3": 0.8925233483314514,
      "walltime_sec": 128.94427013397217
    },
    {
      "method": "fairds-2",
      "seed": 2,
      "epochs": 15,
      "lr": 0.0001,
      "alpha": 0.5,
      "temperature": 0.5,
      "weight_scale": 1.0,
      "image_size": 96,
      "val_eval_acc": 0.48048049211502075,
      "val_eval_worst": 0.13221153616905212,
      "test_acc": 0.5008629560470581,
      "test_worst": 0.12727272510528564,
      "val_eval_acc_g0": 0.7194244861602783,
      "test_acc_g0": 0.7467849254608154,
      "val_eval_acc_g1": 0.13221153616905212,
      "test_acc_g1": 0.12727272510528564,
      "val_eval_acc_g2": 0.5180723071098328,
      "test_acc_g2": 0.5,
      "val_eval_acc_g3": 0.9879518151283264,
      "test_acc_g3": 0.9501557350158691,
      "walltime_sec": 129.61358451843262
    },
    {
      "method": "ren2018",
      "seed": 0,
      "epochs": 15,
      "lr": 0.0001,
      "alpha": 0.5,
      "temperature": 0.5,
      "weight_scale": 1.0,
      "image_size": 96,
      "val_eval_acc": 0.5995995998382568,
      "val_eval_worst": 0.48798078298568726,
      "test_acc": 0.6106317043304443,
      "test_worst": 0.48691797256469727,
      "val_eval_acc_g0": 0.6043165326118469,
      "test_acc_g0": 0.5960088968276978,
      "val_eval_acc_g1": 0.48798078298568726,
      "test_acc_g1": 0.48691797256469727,
      "val_eval_acc_g2": 0.8433734774589539,
      "test_acc_g2": 0.8068535923957825,
      "val_eval_acc_g3": 0.891566276550293,
      "test_acc_g3": 0.9003115296363831,
      "walltime_sec": 63.233206272125244
    },
    {
      "method": "ren2018",
      "seed": 1,
      "epochs": 15,