{
  "args": {
    "methods": [
      "vanilla",
      "fairds-1",
      "fairds-2",
      "ren2018"
    ],
    "seeds": [
      0,
      1,
      2
    ],
    "epochs": 25,
    "batch_size": 128,
    "lr": 0.1,
    "alpha": 0.5,
    "temperature": 0.1,
    "weight_scale": 4.0,
    "n_anchor_per_group": 50,
    "image_size": 224,
    "num_workers": 8,
    "warmup_epochs": 0,
    "no_ema": false,
    "freeze_backbone": true,
    "device": "cuda",
    "out_root": "results/e3b_lastlayer"
  },
  "runs": [
    {
      "method": "vanilla",
      "seed": 0,
      "epochs": 25,
      "lr": 0.1,
      "alpha": 0.5,
      "temperature": 0.1,
      "weight_scale": 4.0,
      "image_size": 224,
      "freeze_backbone": true,
      "val_eval_acc": 0.8738738894462585,
      "val_eval_worst": 0.3132530152797699,
      "test_acc": 0.8545046448707581,
      "test_worst": 0.31308412551879883,
      "val_eval_acc_g0": 0.9952038526535034,
      "test_acc_g0": 0.9968957901000977,
      "val_eval_acc_g1": 0.8653846383094788,
      "test_acc_g1": 0.8660753965377808,
      "val_eval_acc_g2": 0.3132530152797699,
      "test_acc_g2": 0.31308412551879883,
      "val_eval_acc_g3": 0.8674699068069458,
      "test_acc_g3": 0.855140209197998,
      "walltime_sec": 73.50535249710083
    },
    {
      "method": "vanilla",
      "seed": 1,
      "epochs": 25,
      "lr": 0.1,
      "alpha": 0.5,
      "temperature": 0.1,
      "weight_scale": 4.0,
      "image_size": 224,
      "freeze_backbone": true,
      "val_eval_acc": 0.8808808922767639,
      "val_eval_worst": 0.14457830786705017,
      "test_acc": 0.8406972885131836,
      "test_worst": 0.09501557797193527,
      "val_eval_acc_g0": 1.0,
      "test_acc_g0": 1.0,
      "val_eval_acc_g1": 0.9711538553237915,
      "test_acc_g1": 0.9733924865722656,
      "val_eval_acc_g2": 0.14457830786705017,
      "test_acc_g2": 0.09501557797193527,
      "val_eval_acc_g3": 0.5662650465965271,
      "test_acc_g3": 0.5607476830482483,
      "walltime_sec": 82.70784759521484
    },
    {
      "method": "vanilla",
      "seed": 2,
      "epochs": 25,
      "lr": 0.1,
      "alpha": 0.5,
      "temperature": 0.1,
      "weight_scale": 4.0,
      "image_size": 224,
      "freeze_backbone": true,
      "val_eval_acc": 0.8858858942985535,
      "val_eval_worst": 0.21686747670173645,
      "test_acc": 0.8576112985610962,
      "test_worst": 0.20560747385025024,
      "val_eval_acc_g0": 1.0,
      "test_acc_g0": 0.9986696243286133,
      "val_eval_acc_g1": 0.9447115659713745,
      "test_acc_g1": 0.9432372450828552,
      "val_eval_acc_g2": 0.21686747670173645,
      "test_acc_g2": 0.20560747385025024,
      "val_eval_acc_g3": 0.6867470145225525,
      "test_acc_g3": 0.7133956551551819,
      "walltime_sec": 83.81039214134216
    },
    {
      "method": "fairds-1",
      "seed": 0,
      "epochs": 25,
      "lr": 0.1,
      "alpha": 0.5,
      "temperature": 0.1,
      "weight_scale": 4.0,
      "image_size": 224,
      "freeze_backbone": true,
      "val_eval_acc": 0.6286286115646362,
      "val_eval_worst": 0.26923078298568726,
      "test_acc": 0.6473938822746277,
      "test_worst": 0.29490020871162415,
      "val_eval_acc_g0": 0.9064748287200928,
      "test_acc_g0": 0.9024389982223511,
      "val_eval_acc_g1": 0.26923078298568726,
      "test_acc_g1": 0.29490020871162415,
      "val_eval_acc_g2": 0.6867470145225525,
      "test_acc_g2": 0.6682242751121521,
      "val_eval_acc_g3": 0.9759036302566528,
      "test_acc_g3": 0.9688473343849182,
      "walltime_sec": 187.1371874809265
    },
    {
      "method": "fairds-1",
      "seed": 1,
      "epochs": 25,
      "lr": 0.1,
      "alpha": 0.5,
      "temperature": 0.1,
      "weight_scale": 4.0,
      "image_size": 224,
      "freeze_backbone": true,
      "val_eval_acc": 0.7997997999191284,
      "val_eval_worst": 0.4457831382751465,
      "test_acc": 0.8129099011421204,
      "test_worst": 0.4376946985721588,
      "val_eval_acc_g0": 0.9832134246826172,
      "test_acc_g0": 0.990687370300293,
      "val_eval_acc_g1": 0.6875,
      "test_acc_g1": 0.7210643291473389,
      "val_eval_acc_g2": 0.4457831382751465,
      "test_acc_g2": 0.4376946985721588,
      "val_eval_acc_g3": 0.7951807379722595,
      "test_acc_g3": 0.8862928152084351,
      "walltime_sec": 183.43502640724182
    },
    {
      "method": "fairds-1",
      "seed": 2,
      "epochs": 25,
      "lr": 0.1,
      "alpha": 0.5,
      "temperature": 0.1,
      "weight_scale": 4.0,
      "image_size": 224,
      "freeze_backbone": true,
      "val_eval_acc": 0.6986986994743347,
      "val_eval_worst": 0.4350961446762085,
      "test_acc": 0.7055574655532837,
      "test_worst": 0.4314855933189392,
      "val_eval_acc_g0": 0.9640287756919861,
      "test_acc_g0": 0.9556540846824646,
      "val_eval_acc_g1": 0.4350961446762085,
      "test_acc_g1": 0.4314855933189392,
      "val_eval_acc_g2": 0.4457831382751465,
      "test_acc_g2": 0.5404984354972839,
      "val_eval_acc_g3": 0.9397590160369873,
      "test_acc_g3": 0.954828679561615,
      "walltime_sec": 187.94651079177856
    },
    {
      "method": "fairds-2",
      "seed": 0,
      "epochs": 25,
      "lr": 0.1,
      "alpha": 0.5,
      "temperature": 0.1,
      "weight_scale": 4.0,
      "image_size": 224,
      "freeze_backbone": true,
      "val_eval_acc": 0.5795795917510986,
      "val_eval_worst": 0.23317307233810425,
      "test_acc": 0.607697606086731,
      "test_worst": 0.25942349433898926,
      "val_eval_acc_g0": 0.8081534504890442,
      "test_acc_g0": 0.8177383542060852,
      "val_eval_acc_g1": 0.23317307233810425,
      "test_acc_g1": 0.25942349433898926,
      "val_eval_acc_g2": 0.7710843086242676,
      "test_acc_g2": 0.7274143099784851,
      "val_eval_acc_g3": 0.9759036302566528,
      "test_acc_g3": 0.9735202789306641,
      "walltime_sec": 229.2979462146759
    },
    {
      "method": "fairds-2",
      "seed": 1,
      "epochs": 25,
      "lr": 0.1,
      "alpha": 0.5,
      "temperature": 0.1,
      "weight_scale": 4.0,
      "image_size": 224,
      "freeze_backbone": true,
      "val_eval_acc": 0.8348348140716553,
      "val_eval_worst": 0.21686747670173645,
      "test_acc": 0.8218846917152405,
      "test_worst": 0.19003115594387054,
      "val_eval_acc_g0": 0.9976019263267517,
      "test_acc_g0": 0.9991130828857422,
      "val_eval_acc_g1": 0.8245192170143127,
      "test_acc_g1": 0.8345897793769836,
      "val_eval_acc_g2": 0.21686747670173645,
      "test_acc_g2": 0.19003115594387054,
      "val_eval_acc_g3": 0.6867470145225525,
      "test_acc_g3": 0.7866043448448181,
      "walltime_sec": 228.28103804588318
    },
    {
      "method": "fairds-2",
      "seed": 2,
      "epochs": 25,
      "lr": 0.1,
      "alpha": 0.5,
      "temperature": 0.1,
      "weight_scale": 4.0,
      "image_size": 224,
      "freeze_backbone": true,
      "val_eval_acc": 0.804804801940918,
      "val_eval_worst": 0.45783132314682007,
      "test_acc": 0.8056610226631165,
      "test_worst": 0.4859813153743744,
      "val_eval_acc_g0": 0.9688249230384827,
      "test_acc_g0": 0.9782705307006836,
      "val_eval_acc_g1": 0.6850961446762085,
      "test_acc_g1": 0.6993348002433777,
      "val_eval_acc_g2": 0.45783132314682007,
      "test_acc_g2": 0.4859813153743744,
      "val_eval_acc_g3": 0.9277108311653137,
      "test_acc_g3": 0.8925233483314514,
      "walltime_sec": 224.26178693771362
    },
    {
      "method": "ren2018",
      "seed": 0,
      "epochs": 25,
      "lr": 0.1,
      "alpha": 0.5,
      "temperature": 0.1,
      "weight_scale": 4.0,
      "image_size": 224,
      "freeze_backbone": true,
      "val_eval_acc": 0.6296296119689941,
      "val_eval_worst": 0.3100961446762085,
      "test_acc": 0.6442871689796448,
      "test_worst": 0.31840354204177856,
      "val_eval_acc_g0": 0.8345323801040649,
      "test_acc_g0": 0.8146341443061829,
      "val_eval_acc_g1": 0.3100961446762085,
      "test_acc_g1": 0.31840354204177856,