{
  "args": {
    "methods": [
      "vanilla",
      "fairds-1",
      "fairds-2",
      "ren2018"
    ],
    "seeds": [
      0,
      1,
      2
    ],
    "epochs": 10,
    "batch_size": 64,
    "lr": 0.001,
    "alpha": 0.5,
    "temperature": 0.1,
    "weight_scale": 4.0,
    "n_anchor_per_group": 50,
    "image_size": 96,
    "num_workers": 4,
    "device": "cuda",
    "out_root": "results/e3b"
  },
  "runs": [
    {
      "method": "vanilla",
      "seed": 0,
      "epochs": 10,
      "lr": 0.001,
      "alpha": 0.5,
      "temperature": 0.1,
      "weight_scale": 4.0,
      "image_size": 96,
      "val_eval_acc": 0.6696696877479553,
      "val_eval_worst": 0.21686747670173645,
      "test_acc": 0.6750086545944214,
      "test_worst": 0.2133956402540207,
      "val_eval_acc_g0": 0.9640287756919861,
      "test_acc_g0": 0.9720621109008789,
      "val_eval_acc_g1": 0.42788460850715637,
      "test_acc_g1": 0.45676276087760925,
      "val_eval_acc_g2": 0.21686747670173645,
      "test_acc_g2": 0.2133956402540207,
      "val_eval_acc_g3": 0.8554216623306274,
      "test_acc_g3": 0.8598130941390991,
      "walltime_sec": 25.325404405593872
    },
    {
      "method": "vanilla",
      "seed": 1,
      "epochs": 10,
      "lr": 0.001,
      "alpha": 0.5,
      "temperature": 0.1,
      "weight_scale": 4.0,
      "image_size": 96,
      "val_eval_acc": 0.6666666865348816,
      "val_eval_worst": 0.16867469251155853,
      "test_acc": 0.6615464091300964,
      "test_worst": 0.1370716542005539,
      "val_eval_acc_g0": 0.9856114983558655,
      "test_acc_g0": 0.9796009063720703,
      "val_eval_acc_g1": 0.41586539149284363,
      "test_acc_g1": 0.4385809302330017,
      "val_eval_acc_g2": 0.16867469251155853,
      "test_acc_g2": 0.1370716542005539,
      "val_eval_acc_g3": 0.8192771077156067,
      "test_acc_g3": 0.8520249128341675,
      "walltime_sec": 24.8010151386261
    },
    {
      "method": "vanilla",
      "seed": 2,
      "epochs": 10,
      "lr": 0.001,
      "alpha": 0.5,
      "temperature": 0.1,
      "weight_scale": 4.0,
      "image_size": 96,
      "val_eval_acc": 0.6266266107559204,
      "val_eval_worst": 0.20481927692890167,
      "test_acc": 0.6342768669128418,
      "test_worst": 0.1962616890668869,
      "val_eval_acc_g0": 0.9664268493652344,
      "test_acc_g0": 0.9676274657249451,
      "val_eval_acc_g1": 0.3100961446762085,
      "test_acc_g1": 0.35121950507164,
      "val_eval_acc_g2": 0.20481927692890167,
      "test_acc_g2": 0.1962616890668869,
      "val_eval_acc_g3": 0.9277108311653137,
      "test_acc_g3": 0.895638644695282,
      "walltime_sec": 24.9582302570343
    },
    {
      "method": "fairds-1",
      "seed": 0,
      "epochs": 10,
      "lr": 0.001,
      "alpha": 0.5,
      "temperature": 0.1,
      "weight_scale": 4.0,
      "image_size": 96,
      "val_eval_acc": 0.5075075030326843,
      "val_eval_worst": 0.12980769574642181,
      "test_acc": 0.5236451625823975,
      "test_worst": 0.13259422779083252,
      "val_eval_acc_g0": 0.7889688014984131,
      "test_acc_g0": 0.7946785092353821,
      "val_eval_acc_g1": 0.12980769574642181,
      "test_acc_g1": 0.13259422779083252,
      "val_eval_acc_g2": 0.5421686768531799,
      "test_acc_g2": 0.5109034180641174,
      "val_eval_acc_g3": 0.9518072009086609,
      "test_acc_g3": 0.9579439163208008,
      "walltime_sec": 45.2130012512207
    },
    {
      "method": "fairds-1",
      "seed": 1,
      "epochs": 10,
      "lr": 0.001,
      "alpha": 0.5,
      "temperature": 0.1,
      "weight_scale": 4.0,
      "image_size": 96,
      "val_eval_acc": 0.5385385155677795,
      "val_eval_worst": 0.16105769574642181,
      "test_acc": 0.548153281211853,
      "test_worst": 0.14412416517734528,
      "val_eval_acc_g0": 0.8489208817481995,
      "test_acc_g0": 0.8567627668380737,
      "val_eval_acc_g1": 0.16105769574642181,
      "test_acc_g1": 0.14412416517734528,
      "val_eval_acc_g2": 0.45783132314682007,
      "test_acc_g2": 0.46261683106422424,
      "val_eval_acc_g3": 0.9518072009086609,
      "test_acc_g3": 0.9688473343849182,
      "walltime_sec": 46.88341498374939
    },
    {
      "method": "fairds-1",
      "seed": 2,
      "epochs": 10,
      "lr": 0.001,
      "alpha": 0.5,
      "temperature": 0.1,
      "weight_scale": 4.0,
      "image_size": 96,
      "val_eval_acc": 0.5295295119285583,
      "val_eval_worst": 0.17307692766189575,
      "test_acc": 0.5509147644042969,
      "test_worst": 0.17738358676433563,
      "val_eval_acc_g0": 0.8009592294692993,
      "test_acc_g0": 0.8190687298774719,
      "val_eval_acc_g1": 0.17307692766189575,
      "test_acc_g1": 0.17738358676433563,
      "val_eval_acc_g2": 0.5180723071098328,
      "test_acc_g2": 0.5155763030052185,
      "val_eval_acc_g3": 0.9638554453849792,
      "test_acc_g3": 0.9563862681388855,
      "walltime_sec": 46.01604080200195
    },
    {
      "method": "fairds-2",
      "seed": 0,
      "epochs": 10,
      "lr": 0.001,
      "alpha": 0.5,
      "temperature": 0.1,
      "weight_scale": 4.0,
      "image_size": 96,
      "val_eval_acc": 0.5035035014152527,
      "val_eval_worst": 0.14182692766189575,
      "test_acc": 0.5331377387046814,
      "test_worst": 0.1600886881351471,
      "val_eval_acc_g0": 0.7553957104682922,
      "test_acc_g0": 0.7662971019744873,
      "val_eval_acc_g1": 0.14182692766189575,
      "test_acc_g1": 0.1600886881351471,
      "val_eval_acc_g2": 0.5783132314682007,
      "test_acc_g2": 0.5872274041175842,
      "val_eval_acc_g3": 0.9759036302566528,
      "test_acc_g3": 0.9704049825668335,
      "walltime_sec": 87.48682165145874
    },
    {
      "method": "fairds-2",
      "seed": 1,
      "epochs": 10,
      "lr": 0.001,
      "alpha": 0.5,
      "temperature": 0.1,
      "weight_scale": 4.0,
      "image_size": 96,
      "val_eval_acc": 0.5595595836639404,
      "val_eval_worst": 0.19230769574642181,
      "test_acc": 0.5742146968841553,
      "test_worst": 0.2035476714372635,
      "val_eval_acc_g0": 0.8705036044120789,
      "test_acc_g0": 0.8660753965377808,
      "val_eval_acc_g1": 0.19230769574642181,
      "test_acc_g1": 0.2035476714372635,
      "val_eval_acc_g2": 0.42168673872947693,
      "test_acc_g2": 0.4688473641872406,
      "val_eval_acc_g3": 0.9759036302566528,
      "test_acc_g3": 0.9563862681388855,
      "walltime_sec": 88.25370812416077
    },
    {
      "method": "fairds-2",
      "seed": 2,
      "epochs": 10,
      "lr": 0.001,
      "alpha": 0.5,
      "temperature": 0.1,
      "weight_scale": 4.0,
      "image_size": 96,
      "val_eval_acc": 0.45945945382118225,
      "val_eval_worst": 0.08653846383094788,
      "test_acc": 0.4877459406852722,
      "test_worst": 0.07671840488910675,
      "val_eval_acc_g0": 0.6930455565452576,
      "test_acc_g0": 0.7135254740715027,
      "val_eval_acc_g1": 0.08653846383094788,
      "test_acc_g1": 0.07671840488910675,
      "val_eval_acc_g2": 0.6144578456878662,
      "test_acc_g2": 0.6433022022247314,
      "val_eval_acc_g3": 1.0,
      "test_acc_g3": 0.9828660488128662,
      "walltime_sec": 88.53226923942566
    },
    {
      "method": "ren2018",
      "seed": 0,
      "epochs": 10,
      "lr": 0.001,
      "alpha": 0.5,
      "temperature": 0.1,
      "weight_scale": 4.0,
      "image_size": 96,
      "val_eval_acc": 0.6256256103515625,
      "val_eval_worst": 0.4447115361690521,
      "test_acc": 0.6527442336082458,
      "test_worst": 0.4545454680919647,
      "val_eval_acc_g0": 0.7218225598335266,
      "test_acc_g0": 0.7321507930755615,
      "val_eval_acc_g1": 0.4447115361690521,
      "test_acc_g1": 0.4545454680919647,
      "val_eval_acc_g2": 0.7469879388809204,
      "test_acc_g2": 0.7881619930267334,
      "val_eval_acc_g3": 0.9277108311653137,
      "test_acc_g3": 0.9345794320106506,
      "walltime_sec": 43.261807918548584
    },
    {
      "method": "ren2018",
      "seed": 1,
      "epochs": 10,
      "lr": 0.001,
      "alpha": 0.5,
      "temperature": 0.1,