{
  "args": {
    "methods": [
      "fairds-2"
    ],
    "seeds": [
      0,
      1,
      2,
      3,
      4,
      5,
      6,
      7,
      8,
      9
    ],
    "epochs": 15,
    "batch_size": 64,
    "lr": 0.02,
    "alpha": 0.5,
    "temperature": 0.1,
    "weight_scale": 4.0,
    "arm": "residual_real",
    "device": "cuda",
    "out_root": "results/e7_resid"
  },
  "runs": [
    {
      "method": "fairds-2",
      "seed": 0,
      "arm": "residual_real",
      "epochs": 15,
      "lr": 0.02,
      "alpha": 0.5,
      "temperature": 0.1,
      "weight_scale": 4.0,
      "val_eval_acc": 0.8174999952316284,
      "val_eval_worst": 0.699999988079071,
      "val_eval_disparity": 0.19999998807907104,
      "test_acc": 0.8482142686843872,
      "test_worst": 0.6833333373069763,
      "test_disparity": 0.2306666374206543,
      "test_dp_diff": 0.1751176416873932,
      "test_eo_diff": 0.14266663789749146,
      "test_acc_g0": 0.9139999747276306,
      "test_acc_g1": 0.8640000224113464,
      "test_acc_g2": 0.8259999752044678,
      "test_acc_g3": 0.6833333373069763,
      "w_std_mean": 3.485837645363656,
      "walltime_sec": 90.36646962165833
    },
    {
      "method": "fairds-2",
      "seed": 1,
      "arm": "residual_real",
      "epochs": 15,
      "lr": 0.02,
      "alpha": 0.5,
      "temperature": 0.1,
      "weight_scale": 4.0,
      "val_eval_acc": 0.8324999809265137,
      "val_eval_worst": 0.7599999904632568,
      "val_eval_disparity": 0.2200000286102295,
      "test_acc": 0.8434523940086365,
      "test_worst": 0.7760000228881836,
      "test_disparity": 0.15999996662139893,
      "test_dp_diff": 0.17029410600662231,
      "test_eo_diff": 0.08599996566772461,
      "test_acc_g0": 0.8159999847412109,
      "test_acc_g1": 0.7760000228881836,
      "test_acc_g2": 0.9359999895095825,
      "test_acc_g3": 0.8500000238418579,
      "w_std_mean": 3.440654551767746,
      "walltime_sec": 89.64400005340576
    },
    {
      "method": "fairds-2",
      "seed": 2,
      "arm": "residual_real",
      "epochs": 15,
      "lr": 0.02,
      "alpha": 0.5,
      "temperature": 0.1,
      "weight_scale": 4.0,
      "val_eval_acc": 0.8600000143051147,
      "val_eval_worst": 0.8299999833106995,
      "val_eval_disparity": 0.06999999284744263,
      "test_acc": 0.8595238327980042,
      "test_worst": 0.8180000185966492,
      "test_disparity": 0.12999999523162842,
      "test_dp_diff": 0.20858827233314514,
      "test_eo_diff": 0.11466670036315918,
      "test_acc_g0": 0.8220000267028809,
      "test_acc_g1": 0.8180000185966492,
      "test_acc_g2": 0.9480000138282776,
      "test_acc_g3": 0.8333333134651184,
      "w_std_mean": 3.336450753451153,
      "walltime_sec": 89.35134840011597
    },
    {
      "method": "fairds-2",
      "seed": 3,
      "arm": "residual_real",
      "epochs": 15,
      "lr": 0.02,
      "alpha": 0.5,
      "temperature": 0.1,
      "weight_scale": 4.0,
      "val_eval_acc": 0.8475000262260437,
      "val_eval_worst": 0.6600000262260437,
      "val_eval_disparity": 0.25999999046325684,
      "test_acc": 0.8541666865348816,
      "test_worst": 0.6833333373069763,
      "test_disparity": 0.21666663885116577,
      "test_dp_diff": 0.2042941153049469,
      "test_eo_diff": 0.15466666221618652,
      "test_acc_g0": 0.8999999761581421,
      "test_acc_g1": 0.8859999775886536,
      "test_acc_g2": 0.8379999995231628,
      "test_acc_g3": 0.6833333373069763,
      "w_std_mean": 3.310961761168993,
      "walltime_sec": 89.2032516002655
    },
    {
      "method": "fairds-2",
      "seed": 4,
      "arm": "residual_real",
      "epochs": 15,
      "lr": 0.02,
      "alpha": 0.5,
      "temperature": 0.1,
      "weight_scale": 4.0,
      "val_eval_acc": 0.8774999976158142,
      "val_eval_worst": 0.800000011920929,
      "val_eval_disparity": 0.1499999761581421,
      "test_acc": 0.8595238327980042,
      "test_worst": 0.7833333611488342,
      "test_disparity": 0.15466666221618652,
      "test_dp_diff": 0.23741179704666138,
      "test_eo_diff": 0.15466666221618652,
      "test_acc_g0": 0.8220000267028809,
      "test_acc_g1": 0.8460000157356262,
      "test_acc_g2": 0.9380000233650208,
      "test_acc_g3": 0.7833333611488342,
      "w_std_mean": 3.2456259780565393,
      "walltime_sec": 89.754465341568
    },
    {
      "method": "fairds-2",
      "seed": 5,
      "arm": "residual_real",
      "epochs": 15,
      "lr": 0.02,
      "alpha": 0.5,
      "temperature": 0.1,
      "weight_scale": 4.0,
      "val_eval_acc": 0.8525000214576721,
      "val_eval_worst": 0.7599999904632568,
      "val_eval_disparity": 0.19999998807907104,
      "test_acc": 0.8595238327980042,
      "test_worst": 0.7944444417953491,
      "test_disparity": 0.15355557203292847,
      "test_dp_diff": 0.24647057056427002,
      "test_eo_diff": 0.15355557203292847,
      "test_acc_g0": 0.8080000281333923,
      "test_acc_g1": 0.8460000157356262,
      "test_acc_g2": 0.9480000138282776,
      "test_acc_g3": 0.7944444417953491,
      "w_std_mean": 3.521360183875778,
      "walltime_sec": 89.33016014099121
    },
    {
      "method": "fairds-2",
      "seed": 6,
      "arm": "residual_real",
      "epochs": 15,
      "lr": 0.02,
      "alpha": 0.5,
      "temperature": 0.1,
      "weight_scale": 4.0,
      "val_eval_acc": 0.8450000286102295,
      "val_eval_worst": 0.7400000095367432,
      "val_eval_disparity": 0.15999996662139893,
      "test_acc": 0.8619047403335571,
      "test_worst": 0.6555555462837219,
      "test_disparity": 0.26644444465637207,
      "test_dp_diff": 0.20529410243034363,
      "test_eo_diff": 0.20644444227218628,
      "test_acc_g0": 0.921999990940094,
      "test_acc_g1": 0.8759999871253967,
      "test_acc_g2": 0.8619999885559082,
      "test_acc_g3": 0.6555555462837219,
      "w_std_mean": 3.548997981596398,
      "walltime_sec": 88.93044447898865
    },
    {
      "method": "fairds-2",
      "seed": 7,
      "arm": "residual_real",
      "epochs": 15,
      "lr": 0.02,
      "alpha": 0.5,
      "temperature": 0.1,
      "weight_scale": 4.0,
      "val_eval_acc": 0.8575000166893005,
      "val_eval_worst": 0.800000011920929,
      "val_eval_disparity": 0.1499999761581421,
      "test_acc": 0.8351190686225891,
      "test_worst": 0.7400000095367432,
      "test_disparity": 0.20800000429153442,
      "test_dp_diff": 0.15558823943138123,
      "test_eo_diff": 0.1424444317817688,
      "test_acc_g0": 0.828000009059906,
      "test_acc_g1": 0.7400000095367432,
      "test_acc_g2": 0.9480000138282776,
      "test_acc_g3": 0.8055555820465088,
      "w_std_mean": 3.42619769378326,
      "walltime_sec": 89.72257614135742
    },
    {
      "method": "fairds-2",
      "seed": 8,
      "arm": "residual_real",
      "epochs": 15,
      "lr": 0.02,
      "alpha": 0.5,
      "temperature": 0.1,
      "weight_scale": 4.0,
      "val_eval_acc": 0.8100000023841858,
      "val_eval_worst": 0.5799999833106995,
      "val_eval_disparity": 0.3799999952316284,
      "test_acc": 0.8500000238418579,
      "test_worst": 0.5333333611488342,
      "test_disparity": 0.40866661071777344,
      "test_dp_diff": 0.23423530161380768,
      "test_eo_diff": 0.25066661834716797,
      "test_acc_g0": 0.9419999718666077,
      "test_acc_g1": 0.9380000233650208,
      "test_acc_g2": 0.7839999794960022,
      "test_acc_g3": 0.5333333611488342,
      "w_std_mean": 3.333176177006112,
      "walltime_sec": 89.80866479873657
    },
    {
      "method": "fairds-2",
      "seed": 9,
      "arm": "residual_real",
      "epochs": 15,
      "lr": 0.02,
      "alpha": 0.5,
      "temperature": 0.1,
      "weight_scale": 4.0,
      "val_eval_acc": 0.8174999952316284,
      "val_eval_worst": 0.699999988079071,
      "val_eval_disparity": 0.17000001668930054,
      "test_acc": 0.8642857074737549,
      "test_worst": 0.644444465637207,
      "test_disparity": 0.25555551052093506,
      "test_dp_diff": 0.2518823444843292,
      "test_eo_diff": 0.23755556344985962,