{
  "args": {
    "methods": [
      "fairds-2"
    ],
    "seeds": [
      0,
      1,
      2,
      3,
      4,
      5,
      6,
      7,
      8,
      9
    ],
    "ratios": [
      0.9
    ],
    "strengths": [
      0.9
    ],
    "epochs": 30,
    "n_train": 5000,
    "batch_size": 128,
    "lr": 0.02,
    "alpha": 0.5,
    "temperature": 0.1,
    "weight_scale": 4.0,
    "arm": "residual_shuffle",
    "device": "cuda",
    "out_root": "results/e5_resid_abl/residual_shuffle"
  },
  "runs": [
    {
      "method": "fairds-2",
      "seed": 0,
      "majority_ratio": 0.9,
      "p_corr_majority": 0.9,
      "arm": "residual_shuffle",
      "epochs": 30,
      "lr": 0.02,
      "alpha": 0.5,
      "temperature": 0.1,
      "weight_scale": 4.0,
      "n_train": 5000,
      "val_eval_acc": 0.7319999933242798,
      "val_eval_worst": 0.6480000019073486,
      "val_eval_acc_g0": 0.8159999847412109,
      "val_eval_acc_g1": 0.6480000019073486,
      "test_acc": 0.44699999690055847,
      "test_worst": 0.39766407012939453,
      "test_acc_aligned": 0.8861386179924011,
      "test_acc_flipped": 0.39766407012939453,
      "w_std_mean": 3.2810884866118433,
      "walltime_sec": 18.98786187171936
    },
    {
      "method": "fairds-2",
      "seed": 1,
      "majority_ratio": 0.9,
      "p_corr_majority": 0.9,
      "arm": "residual_shuffle",
      "epochs": 30,
      "lr": 0.02,
      "alpha": 0.5,
      "temperature": 0.1,
      "weight_scale": 4.0,
      "n_train": 5000,
      "val_eval_acc": 0.7480000257492065,
      "val_eval_worst": 0.671999990940094,
      "val_eval_acc_g0": 0.8240000009536743,
      "val_eval_acc_g1": 0.671999990940094,
      "test_acc": 0.4584999978542328,
      "test_worst": 0.4091671407222748,
      "test_acc_aligned": 0.8767772316932678,
      "test_acc_flipped": 0.4091671407222748,
      "w_std_mean": 3.288731602728367,
      "walltime_sec": 13.324696779251099
    },
    {
      "method": "fairds-2",
      "seed": 2,
      "majority_ratio": 0.9,
      "p_corr_majority": 0.9,
      "arm": "residual_shuffle",
      "epochs": 30,
      "lr": 0.02,
      "alpha": 0.5,
      "temperature": 0.1,
      "weight_scale": 4.0,
      "n_train": 5000,
      "val_eval_acc": 0.6940000057220459,
      "val_eval_worst": 0.6119999885559082,
      "val_eval_acc_g0": 0.7760000228881836,
      "val_eval_acc_g1": 0.6119999885559082,
      "test_acc": 0.5095000267028809,
      "test_worst": 0.47385984659194946,
      "test_acc_aligned": 0.8267326951026917,
      "test_acc_flipped": 0.47385984659194946,
      "w_std_mean": 3.3083749749263127,
      "walltime_sec": 13.293136358261108
    },
    {
      "method": "fairds-2",
      "seed": 3,
      "majority_ratio": 0.9,
      "p_corr_majority": 0.9,
      "arm": "residual_shuffle",
      "epochs": 30,
      "lr": 0.02,
      "alpha": 0.5,
      "temperature": 0.1,
      "weight_scale": 4.0,
      "n_train": 5000,
      "val_eval_acc": 0.6620000004768372,
      "val_eval_worst": 0.6200000047683716,
      "val_eval_acc_g0": 0.7039999961853027,
      "val_eval_acc_g1": 0.6200000047683716,
      "test_acc": 0.47999998927116394,
      "test_worst": 0.4594447612762451,
      "test_acc_aligned": 0.7116564512252808,
      "test_acc_flipped": 0.4594447612762451,
      "w_std_mean": 3.2332790694137414,
      "walltime_sec": 13.762919902801514
    },
    {
      "method": "fairds-2",
      "seed": 4,
      "majority_ratio": 0.9,
      "p_corr_majority": 0.9,
      "arm": "residual_shuffle",
      "epochs": 30,
      "lr": 0.02,
      "alpha": 0.5,
      "temperature": 0.1,
      "weight_scale": 4.0,
      "n_train": 5000,
      "val_eval_acc": 0.7360000014305115,
      "val_eval_worst": 0.6200000047683716,
      "val_eval_acc_g0": 0.8519999980926514,
      "val_eval_acc_g1": 0.6200000047683716,
      "test_acc": 0.476500004529953,
      "test_worst": 0.43659621477127075,
      "test_acc_aligned": 0.8316831588745117,
      "test_acc_flipped": 0.43659621477127075,
      "w_std_mean": 3.393659133464098,
      "walltime_sec": 13.443198442459106
    },
    {
      "method": "fairds-2",
      "seed": 5,
      "majority_ratio": 0.9,
      "p_corr_majority": 0.9,
      "arm": "residual_shuffle",
      "epochs": 30,
      "lr": 0.02,
      "alpha": 0.5,
      "temperature": 0.1,
      "weight_scale": 4.0,
      "n_train": 5000,
      "val_eval_acc": 0.7279999852180481,
      "val_eval_worst": 0.656000018119812,
      "val_eval_acc_g0": 0.800000011920929,
      "val_eval_acc_g1": 0.656000018119812,
      "test_acc": 0.49950000643730164,
      "test_worst": 0.46252796053886414,
      "test_acc_aligned": 0.8113207817077637,
      "test_acc_flipped": 0.46252796053886414,
      "w_std_mean": 3.3007571043074133,
      "walltime_sec": 13.516260623931885
    },
    {
      "method": "fairds-2",
      "seed": 6,
      "majority_ratio": 0.9,
      "p_corr_majority": 0.9,
      "arm": "residual_shuffle",
      "epochs": 30,
      "lr": 0.02,
      "alpha": 0.5,
      "temperature": 0.1,
      "weight_scale": 4.0,
      "n_train": 5000,
      "val_eval_acc": 0.734000027179718,
      "val_eval_worst": 0.6000000238418579,
      "val_eval_acc_g0": 0.8679999709129333,
      "val_eval_acc_g1": 0.6000000238418579,
      "test_acc": 0.3774999976158142,
      "test_worst": 0.3140954375267029,
      "test_acc_aligned": 0.9545454382896423,
      "test_acc_flipped": 0.3140954375267029,
      "w_std_mean": 3.415398718118668,
      "walltime_sec": 13.019731044769287
    },
    {
      "method": "fairds-2",
      "seed": 7,
      "majority_ratio": 0.9,
      "p_corr_majority": 0.9,
      "arm": "residual_shuffle",
      "epochs": 30,
      "lr": 0.02,
      "alpha": 0.5,
      "temperature": 0.1,
      "weight_scale": 4.0,
      "n_train": 5000,
      "val_eval_acc": 0.7239999771118164,
      "val_eval_worst": 0.656000018119812,
      "val_eval_acc_g0": 0.7919999957084656,
      "val_eval_acc_g1": 0.656000018119812,
      "test_acc": 0.46399998664855957,
      "test_worst": 0.4189263880252838,
      "test_acc_aligned": 0.8860103487968445,
      "test_acc_flipped": 0.4189263880252838,
      "w_std_mean": 3.3406913231809936,
      "walltime_sec": 13.098134756088257
    },
    {
      "method": "fairds-2",
      "seed": 8,
      "majority_ratio": 0.9,
      "p_corr_majority": 0.9,
      "arm": "residual_shuffle",
      "epochs": 30,
      "lr": 0.02,
      "alpha": 0.5,
      "temperature": 0.1,
      "weight_scale": 4.0,
      "n_train": 5000,
      "val_eval_acc": 0.7360000014305115,
      "val_eval_worst": 0.6480000019073486,
      "val_eval_acc_g0": 0.8240000009536743,
      "val_eval_acc_g1": 0.6480000019073486,
      "test_acc": 0.48249998688697815,
      "test_worst": 0.4398225247859955,
      "test_acc_aligned": 0.8730964660644531,
      "test_acc_flipped": 0.4398225247859955,
      "w_std_mean": 3.1272754580775897,
      "walltime_sec": 12.925381422042847
    },
    {
      "method": "fairds-2",
      "seed": 9,
      "majority_ratio": 0.9,
      "p_corr_majority": 0.9,
      "arm": "residual_shuffle",
      "epochs": 30,
      "lr": 0.02,
      "alpha": 0.5,
      "temperature": 0.1,
      "weight_scale": 4.0,
      "n_train": 5000,
      "val_eval_acc": 0.7540000081062317,
      "val_eval_worst": 0.6679999828338623,
      "val_eval_acc_g0": 0.8399999737739563,
      "val_eval_acc_g1": 0.6679999828338623,
      "test_acc": 0.476500004529953,
      "test_worst": 0.4354570508003235,
      "test_acc_aligned": 0.8564102649688721,
      "test_acc_flipped": 0.4354570508003235,
      "w_std_mean": 3.3668437044819197,
      "walltime_sec": 13.44922137260437
    }
  ],
  "total_walltime_sec": 138.82100367546082
}