{
  "args": {
    "epochs": 5,
    "n_total": 400,
    "n_val": 200,
    "batch_size": 32,
    "lr": 0.05,
    "alpha": 0.5,
    "hidden": 64,
    "spurious_strength": 3.0,
    "seeds": [
      0
    ],
    "ratios": [
      0.9
    ],
    "methods": [
      "vanilla",
      "fairds-1",
      "fairds-2"
    ],
    "device": "cuda",
    "out_root": "results/e1b"
  },
  "runs": [
    {
      "method": "vanilla",
      "majority_ratio": 0.9,
      "seed": 0,
      "epochs": 5,
      "lr": 0.05,
      "alpha": 0.5,
      "hidden": 64,
      "spurious_strength": 3.0,
      "final_val_acc": 0.9249999523162842,
      "final_val_acc_worst": 0.8499999642372131,
      "train_acc_by_group": {
        "0": 1.0,
        "1": 0.875
      },
      "val_acc_by_group": {
        "0": 1.0,
        "1": 0.8499999642372131
      },
      "dp_diff": 0.029999971389770508,
      "eo_diff": 0.12000000476837158,
      "phi_per_group_last": {},
      "weight_per_group_last": {},
      "walltime_sec": 0.8181142807006836
    },
    {
      "method": "fairds-1",
      "majority_ratio": 0.9,
      "seed": 0,
      "epochs": 5,
      "lr": 0.05,
      "alpha": 0.5,
      "hidden": 64,
      "spurious_strength": 3.0,
      "final_val_acc": 0.9350000023841858,
      "final_val_acc_worst": 0.8700000047683716,
      "train_acc_by_group": {
        "0": 1.0,
        "1": 0.875
      },
      "val_acc_by_group": {
        "0": 1.0,
        "1": 0.8700000047683716
      },
      "dp_diff": 0.009999990463256836,
      "eo_diff": 0.12000000476837158,
      "phi_per_group_last": {
        "0": {
          "mean": 0.009737565435999487,
          "median": 0.008419863414019346,
          "std": 0.007271955130528506,
          "n": 360,
          "values": [
            0.006131497677415609,
            0.00969699863344431,
            0.00618935888633132,
            0.017324764281511307,
            0.010969637893140316,
            0.012993279844522476,
            0.004227797035127878,
            0.005246258340775967,
            0.010159174911677837,
            0.016284193843603134,
            0.006019630469381809,
            0.01900436542928219,
            0.03946014866232872,
            0.0166793093085289,
            0.008006928488612175,
            0.003353690030053258,
            0.005350380204617977,
            0.007775893900543451,
            0.03454888239502907,
            0.00427048746496439,
            0.011392978020012379,
            0.005500019993633032,
            0.007703591603785753,
            0.017929118126630783,
            0.008666450157761574,
            0.010615987703204155,
            0.0164186991751194,
            0.00841224193572998,
            0.012487059459090233,
            0.011000034399330616,
            0.0047989534214138985,
            0.010678407736122608,
            0.010848808102309704,
            0.013553583063185215,
            0.007066895253956318,
            0.0052452078089118,
            0.01801615208387375,
            0.01699122041463852,
            -0.052034296095371246,
            0.011886540800333023,
            0.01043695118278265,
            0.013075802475214005,
            0.006035381928086281,
            0.02059689350426197,
            0.013604777865111828,
            0.016254959627985954,
            0.0038603083230555058,
            0.012939795851707458,
            0.013494273647665977,
            0.006590208504348993,
            0.0071920352056622505,
            0.006105942651629448,
            0.010079653933644295,
            0.0050253840163350105,
            0.009315562434494495,
            0.012998471036553383,
            0.018095673993229866,
            0.007241378538310528,
            0.008579648099839687,
            0.007644624914973974,
            0.0051233465783298016,
            0.01020242553204298,
            0.010416674427688122,
            0.012966594658792019,
            0.0074583315290510654,
            0.044600214809179306,
            0.017909463495016098,
            0.006170239299535751,
            0.00657215341925621,
            0.006837343797087669,
            0.009843559004366398,
            0.0008549696067348123,
            0.004494285676628351,
            0.008935331366956234,
            0.003441777778789401,
            0.008883923292160034,
            0.010100603103637695,
            0.012183181941509247,
            0.005907005164772272,
            0.01717604324221611,
            0.004058750346302986,
            0.00765544269233942,
            0.006711684167385101,
            0.003351375460624695,
            0.009774607606232166,
            0.009297631680965424,
            0.008727223612368107,
            0.004629307892173529,
            0.010465336963534355,
            0.0078407758846879,
            0.015056530945003033,
            0.017345232889056206,
            0.004409013781696558,
            0.006749480497092009,
            0.011266126297414303,
            0.015256557613611221,
            0.0071110413409769535,
            0.01523682288825512,
            0.007711954414844513,
            0.01344162318855524,
            0.008900764398276806,
            0.009690272621810436,
            0.010264123789966106,
            0.006203500088304281,
            0.012549302540719509,
            0.006565780378878117,
            0.011955234222114086,
            0.00763923954218626,
            0.0063101788982748985,
            0.0038157987874001265,
            0.004436285234987736,
            0.015926245599985123,
            0.008427484892308712,
            -0.012464643456041813,
            0.01383037306368351,
            0.017725639045238495,
            0.008127282373607159,
            0.011853388510644436,
            0.005922276061028242,
            0.005877595394849777,
            0.011766420677304268,
            0.011524495668709278,
            0.0030100916046649218,
            -0.002554931677877903,
            0.02528393641114235,
            0.011746549047529697,
            0.020403215661644936,
            0.022746102884411812,
            0.009586136788129807,
            0.006184755824506283,
            0.010060051456093788,
            0.006706221494823694,
            0.008369547314941883,
            0.019797416403889656,
            0.006989713758230209,
            0.00556143606081605,
            0.0069302343763411045,
            0.01214367151260376,
            0.00633652601391077,
            0.007869447581470013,
            0.010863755829632282,
            0.010705022141337395,
            0.0059761591255664825,
            0.024113042280077934,
            0.006413081660866737,
            0.025545800104737282,
            0.010770191438496113,
            0.005345429293811321,
            0.011464843526482582,
            0.011927762068808079,
            0.0032355610746890306,
            0.004740711767226458,
            0.013909167610108852,
            0.005056248977780342,
            0.0042187063954770565,
            0.00619036890566349,
            0.019090499728918076,
            0.014990990981459618,
            0.005613736342638731,
            0.005965733900666237,
            0.020107368007302284,
            0.00761256692931056,
            0.005415989551693201,
            0.006668735761195421,
            0.009165092371404171,
            0.00829146895557642,
            0.012571930885314941,
            0.020374927669763565,
            0.009457018226385117,
            0.01297936774790287,
            0.006570721510797739,
            0.014584092423319817,
            0.009002644568681717,
            0.010468968190252781,
            0.003447850001975894,
            0.006283989641815424,
            0.006424752529710531,
            0.006183171644806862,
            0.00877686869353056,
            0.0112534798681736,
            0.004780625458806753,
            0.005231674760580063,
            0.010070697404444218,
            0.0243760347366333,
