{
  "args": {
    "methods": [
      "fairds-2"
    ],
    "seeds": [
      0,
      1,
      2,
      3,
      4,
      5,
      6,
      7,
      8,
      9
    ],
    "ratios": [
      0.9
    ],
    "strengths": [
      0.9
    ],
    "epochs": 30,
    "n_train": 5000,
    "batch_size": 128,
    "lr": 0.02,
    "alpha": 4.0,
    "temperature": 0.1,
    "weight_scale": 4.0,
    "device": "cuda",
    "out_root": "results/e5_alpha_abl/a4.0"
  },
  "runs": [
    {
      "method": "fairds-2",
      "seed": 0,
      "majority_ratio": 0.9,
      "p_corr_majority": 0.9,
      "epochs": 30,
      "lr": 0.02,
      "alpha": 4.0,
      "temperature": 0.1,
      "weight_scale": 4.0,
      "n_train": 5000,
      "val_eval_acc": 0.5379999876022339,
      "val_eval_worst": 0.5320000052452087,
      "val_eval_acc_g0": 0.5320000052452087,
      "val_eval_acc_g1": 0.5440000295639038,
      "test_acc": 0.5,
      "test_worst": 0.4961067736148834,
      "test_acc_aligned": 0.5346534848213196,
      "test_acc_flipped": 0.4961067736148834,
      "w_std_mean": 3.8645209554831186,
      "walltime_sec": 23.21317410469055
    },
    {
      "method": "fairds-2",
      "seed": 1,
      "majority_ratio": 0.9,
      "p_corr_majority": 0.9,
      "epochs": 30,
      "lr": 0.02,
      "alpha": 4.0,
      "temperature": 0.1,
      "weight_scale": 4.0,
      "n_train": 5000,
      "val_eval_acc": 0.5519999861717224,
      "val_eval_worst": 0.492000013589859,
      "val_eval_acc_g0": 0.6119999885559082,
      "val_eval_acc_g1": 0.492000013589859,
      "test_acc": 0.5,
      "test_worst": 0.4991615414619446,
      "test_acc_aligned": 0.5071089863777161,
      "test_acc_flipped": 0.4991615414619446,
      "w_std_mean": 3.7273027880986533,
      "walltime_sec": 15.78184461593628
    },
    {
      "method": "fairds-2",
      "seed": 2,
      "majority_ratio": 0.9,
      "p_corr_majority": 0.9,
      "epochs": 30,
      "lr": 0.02,
      "alpha": 4.0,
      "temperature": 0.1,
      "weight_scale": 4.0,
      "n_train": 5000,
      "val_eval_acc": 0.5,
      "val_eval_worst": 0.47200000286102295,
      "val_eval_acc_g0": 0.47200000286102295,
      "val_eval_acc_g1": 0.527999997138977,
      "test_acc": 0.5,
      "test_worst": 0.49888765811920166,
      "test_acc_aligned": 0.5099009871482849,
      "test_acc_flipped": 0.49888765811920166,
      "w_std_mean": 3.717431755065918,
      "walltime_sec": 21.779038429260254
    },
    {
      "method": "fairds-2",
      "seed": 3,
      "majority_ratio": 0.9,
      "p_corr_majority": 0.9,
      "epochs": 30,
      "lr": 0.02,
      "alpha": 4.0,
      "temperature": 0.1,
      "weight_scale": 4.0,
      "n_train": 5000,
      "val_eval_acc": 0.5,
      "val_eval_worst": 0.4519999921321869,
      "val_eval_acc_g0": 0.4519999921321869,
      "val_eval_acc_g1": 0.5479999780654907,
      "test_acc": 0.5,
      "test_worst": 0.4969325065612793,
      "test_acc_aligned": 0.4969325065612793,
      "test_acc_flipped": 0.5002721548080444,
      "w_std_mean": 3.6920791295170785,
      "walltime_sec": 21.519006490707397
    },
    {
      "method": "fairds-2",
      "seed": 4,
      "majority_ratio": 0.9,
      "p_corr_majority": 0.9,
      "epochs": 30,
      "lr": 0.02,
      "alpha": 4.0,
      "temperature": 0.1,
      "weight_scale": 4.0,
      "n_train": 5000,
      "val_eval_acc": 0.4819999933242798,
      "val_eval_worst": 0.46399998664855957,
      "val_eval_acc_g0": 0.46399998664855957,
      "val_eval_acc_g1": 0.5,
      "test_acc": 0.5,
      "test_worst": 0.4455445408821106,
      "test_acc_aligned": 0.4455445408821106,
      "test_acc_flipped": 0.5061178803443909,
      "w_std_mean": 3.801342078646024,
      "walltime_sec": 15.800654649734497
    },
    {
      "method": "fairds-2",
      "seed": 5,
      "majority_ratio": 0.9,
      "p_corr_majority": 0.9,
      "epochs": 30,
      "lr": 0.02,
      "alpha": 4.0,
      "temperature": 0.1,
      "weight_scale": 4.0,
      "n_train": 5000,
      "val_eval_acc": 0.5,
      "val_eval_worst": 0.47600001096725464,
      "val_eval_acc_g0": 0.5239999890327454,
      "val_eval_acc_g1": 0.47600001096725464,
      "test_acc": 0.5,
      "test_worst": 0.4972035884857178,
      "test_acc_aligned": 0.5235849022865295,
      "test_acc_flipped": 0.4972035884857178,
      "w_std_mean": 3.7221343808372818,
      "walltime_sec": 12.643735885620117
    },
    {
      "method": "fairds-2",
      "seed": 6,
      "majority_ratio": 0.9,
      "p_corr_majority": 0.9,
      "epochs": 30,
      "lr": 0.02,
      "alpha": 4.0,
      "temperature": 0.1,
      "weight_scale": 4.0,
      "n_train": 5000,
      "val_eval_acc": 0.48399999737739563,
      "val_eval_worst": 0.47999998927116394,
      "val_eval_acc_g0": 0.47999998927116394,
      "val_eval_acc_g1": 0.4880000054836273,
      "test_acc": 0.5,
      "test_worst": 0.5,
      "test_acc_aligned": 0.5,
      "test_acc_flipped": 0.5,
      "w_std_mean": 3.764350381294886,
      "walltime_sec": 15.805620908737183
    },
    {
      "method": "fairds-2",
      "seed": 7,
      "majority_ratio": 0.9,
      "p_corr_majority": 0.9,
      "epochs": 30,
      "lr": 0.02,
      "alpha": 4.0,
      "temperature": 0.1,
      "weight_scale": 4.0,
      "n_train": 5000,
      "val_eval_acc": 0.492000013589859,
      "val_eval_worst": 0.492000013589859,
      "val_eval_acc_g0": 0.492000013589859,
      "val_eval_acc_g1": 0.492000013589859,
      "test_acc": 0.5,
      "test_worst": 0.4975096881389618,
      "test_acc_aligned": 0.5233160853385925,
      "test_acc_flipped": 0.4975096881389618,
      "w_std_mean": 3.686248709857464,
      "walltime_sec": 12.023979425430298
    },
    {
      "method": "fairds-2",
      "seed": 8,
      "majority_ratio": 0.9,
      "p_corr_majority": 0.9,
      "epochs": 30,
      "lr": 0.02,
      "alpha": 4.0,
      "temperature": 0.1,
      "weight_scale": 4.0,
      "n_train": 5000,
      "val_eval_acc": 0.48399999737739563,
      "val_eval_worst": 0.47999998927116394,
      "val_eval_acc_g0": 0.47999998927116394,
      "val_eval_acc_g1": 0.4880000054836273,
      "test_acc": 0.5,
      "test_worst": 0.4822334945201874,
      "test_acc_aligned": 0.4822334945201874,
      "test_acc_flipped": 0.5019412040710449,
      "w_std_mean": 3.759017609755198,
      "walltime_sec": 11.397289276123047
    },
    {
      "method": "fairds-2",
      "seed": 9,
      "majority_ratio": 0.9,
      "p_corr_majority": 0.9,
      "epochs": 30,
      "lr": 0.02,
      "alpha": 4.0,
      "temperature": 0.1,
      "weight_scale": 4.0,
      "n_train": 5000,
      "val_eval_acc": 0.49799999594688416,
      "val_eval_worst": 0.4560000002384186,
      "val_eval_acc_g0": 0.5400000214576721,
      "val_eval_acc_g1": 0.4560000002384186,
      "test_acc": 0.5,
      "test_worst": 0.4769230782985687,
      "test_acc_aligned": 0.4769230782985687,
      "test_acc_flipped": 0.5024930834770203,
      "w_std_mean": 3.6959584109981853,
      "walltime_sec": 11.683658361434937
    }
  ],
  "total_walltime_sec": 161.64850044250488
}