{
  "args": {
    "methods": [
      "fairds-1"
    ],
    "seeds": [
      0,
      1,
      2,
      3,
      4,
      5,
      6,
      7,
      8,
      9
    ],
    "ratios": [
      0.9
    ],
    "strengths": [
      0.9
    ],
    "epochs": 30,
    "n_train": 5000,
    "batch_size": 128,
    "lr": 0.02,
    "alpha": 0.5,
    "temperature": 0.5,
    "weight_scale": 4.0,
    "device": "cuda",
    "out_root": "results/e5_smooth_abl/temp0.5"
  },
  "runs": [
    {
      "method": "fairds-1",
      "seed": 0,
      "majority_ratio": 0.9,
      "p_corr_majority": 0.9,
      "epochs": 30,
      "lr": 0.02,
      "alpha": 0.5,
      "temperature": 0.5,
      "weight_scale": 4.0,
      "n_train": 5000,
      "val_eval_acc": 0.7239999771118164,
      "val_eval_worst": 0.6240000128746033,
      "val_eval_acc_g0": 0.8240000009536743,
      "val_eval_acc_g1": 0.6240000128746033,
      "test_acc": 0.453000009059906,
      "test_worst": 0.40489432215690613,
      "test_acc_aligned": 0.8811880946159363,
      "test_acc_flipped": 0.40489432215690613,
      "w_std_mean": 1.8681477148334185,
      "walltime_sec": 12.821676015853882
    },
    {
      "method": "fairds-1",
      "seed": 1,
      "majority_ratio": 0.9,
      "p_corr_majority": 0.9,
      "epochs": 30,
      "lr": 0.02,
      "alpha": 0.5,
      "temperature": 0.5,
      "weight_scale": 4.0,
      "n_train": 5000,
      "val_eval_acc": 0.7480000257492065,
      "val_eval_worst": 0.6959999799728394,
      "val_eval_acc_g0": 0.800000011920929,
      "val_eval_acc_g1": 0.6959999799728394,
      "test_acc": 0.4325000047683716,
      "test_worst": 0.37898266315460205,
      "test_acc_aligned": 0.8862559199333191,
      "test_acc_flipped": 0.37898266315460205,
      "w_std_mean": 2.163753883416454,
      "walltime_sec": 10.86340045928955
    },
    {
      "method": "fairds-1",
      "seed": 2,
      "majority_ratio": 0.9,
      "p_corr_majority": 0.9,
      "epochs": 30,
      "lr": 0.02,
      "alpha": 0.5,
      "temperature": 0.5,
      "weight_scale": 4.0,
      "n_train": 5000,
      "val_eval_acc": 0.6919999718666077,
      "val_eval_worst": 0.6200000047683716,
      "val_eval_acc_g0": 0.7639999985694885,
      "val_eval_acc_g1": 0.6200000047683716,
      "test_acc": 0.5575000047683716,
      "test_worst": 0.5289210081100464,
      "test_acc_aligned": 0.8118811845779419,
      "test_acc_flipped": 0.5289210081100464,
      "w_std_mean": 2.0243363014174003,
      "walltime_sec": 10.256854772567749
    },
    {
      "method": "fairds-1",
      "seed": 3,
      "majority_ratio": 0.9,
      "p_corr_majority": 0.9,
      "epochs": 30,
      "lr": 0.02,
      "alpha": 0.5,
      "temperature": 0.5,
      "weight_scale": 4.0,
      "n_train": 5000,
      "val_eval_acc": 0.7480000257492065,
      "val_eval_worst": 0.628000020980835,
      "val_eval_acc_g0": 0.8679999709129333,
      "val_eval_acc_g1": 0.628000020980835,
      "test_acc": 0.4115000069141388,
      "test_worst": 0.3690800070762634,
      "test_acc_aligned": 0.8895705342292786,
      "test_acc_flipped": 0.3690800070762634,
      "w_std_mean": 1.5335895456870396,
      "walltime_sec": 10.131397008895874
    },
    {
      "method": "fairds-1",
      "seed": 4,
      "majority_ratio": 0.9,
      "p_corr_majority": 0.9,
      "epochs": 30,
      "lr": 0.02,
      "alpha": 0.5,
      "temperature": 0.5,
      "weight_scale": 4.0,
      "n_train": 5000,
      "val_eval_acc": 0.7279999852180481,
      "val_eval_worst": 0.6200000047683716,
      "val_eval_acc_g0": 0.8360000252723694,
      "val_eval_acc_g1": 0.6200000047683716,
      "test_acc": 0.4964999854564667,
      "test_worst": 0.4571746289730072,
      "test_acc_aligned": 0.8465346693992615,
      "test_acc_flipped": 0.4571746289730072,
      "w_std_mean": 1.745380419207116,
      "walltime_sec": 9.964901208877563
    },
    {
      "method": "fairds-1",
      "seed": 5,
      "majority_ratio": 0.9,
      "p_corr_majority": 0.9,
      "epochs": 30,
      "lr": 0.02,
      "alpha": 0.5,
      "temperature": 0.5,
      "weight_scale": 4.0,
      "n_train": 5000,
      "val_eval_acc": 0.7260000109672546,
      "val_eval_worst": 0.6439999938011169,
      "val_eval_acc_g0": 0.8080000281333923,
      "val_eval_acc_g1": 0.6439999938011169,
      "test_acc": 0.44699999690055847,
      "test_worst": 0.395413875579834,
      "test_acc_aligned": 0.8820754885673523,
      "test_acc_flipped": 0.395413875579834,
      "w_std_mean": 1.9628323732440671,
      "walltime_sec": 11.302085876464844
    },
    {
      "method": "fairds-1",
      "seed": 6,
      "majority_ratio": 0.9,
      "p_corr_majority": 0.9,
      "epochs": 30,
      "lr": 0.02,
      "alpha": 0.5,
      "temperature": 0.5,
      "weight_scale": 4.0,
      "n_train": 5000,
      "val_eval_acc": 0.7360000014305115,
      "val_eval_worst": 0.5960000157356262,
      "val_eval_acc_g0": 0.8759999871253967,
      "val_eval_acc_g1": 0.5960000157356262,
      "test_acc": 0.2849999964237213,
      "test_worst": 0.2097669243812561,
      "test_acc_aligned": 0.9696969985961914,
      "test_acc_flipped": 0.2097669243812561,
      "w_std_mean": 1.911679291104277,
      "walltime_sec": 8.926250457763672
    },
    {
      "method": "fairds-1",
      "seed": 7,
      "majority_ratio": 0.9,
      "p_corr_majority": 0.9,
      "epochs": 30,
      "lr": 0.02,
      "alpha": 0.5,
      "temperature": 0.5,
      "weight_scale": 4.0,
      "n_train": 5000,
      "val_eval_acc": 0.7239999771118164,
      "val_eval_worst": 0.6320000290870667,
      "val_eval_acc_g0": 0.8159999847412109,
      "val_eval_acc_g1": 0.6320000290870667,
      "test_acc": 0.40400001406669617,
      "test_worst": 0.35085776448249817,
      "test_acc_aligned": 0.9015544056892395,
      "test_acc_flipped": 0.35085776448249817,
      "w_std_mean": 1.9074270240341624,
      "walltime_sec": 13.651257276535034
    },
    {
      "method": "fairds-1",
      "seed": 8,
      "majority_ratio": 0.9,
      "p_corr_majority": 0.9,
      "epochs": 30,
      "lr": 0.02,
      "alpha": 0.5,
      "temperature": 0.5,
      "weight_scale": 4.0,
      "n_train": 5000,
      "val_eval_acc": 0.7540000081062317,
      "val_eval_worst": 0.671999990940094,
      "val_eval_acc_g0": 0.8360000252723694,
      "val_eval_acc_g1": 0.671999990940094,
      "test_acc": 0.5195000171661377,
      "test_worst": 0.4803105890750885,
      "test_acc_aligned": 0.8781725764274597,
      "test_acc_flipped": 0.4803105890750885,
      "w_std_mean": 1.6707374232883254,
      "walltime_sec": 12.183552742004395
    },
    {
      "method": "fairds-1",
      "seed": 9,
      "majority_ratio": 0.9,
      "p_corr_majority": 0.9,
      "epochs": 30,
      "lr": 0.02,
      "alpha": 0.5,
      "temperature": 0.5,
      "weight_scale": 4.0,
      "n_train": 5000,
      "val_eval_acc": 0.765999972820282,
      "val_eval_worst": 0.656000018119812,
      "val_eval_acc_g0": 0.8759999871253967,
      "val_eval_acc_g1": 0.656000018119812,
      "test_acc": 0.38999998569488525,
      "test_worst": 0.33462604880332947,
      "test_acc_aligned": 0.9025641083717346,
      "test_acc_flipped": 0.33462604880332947,
      "w_std_mean": 2.0621955313906075,
      "walltime_sec": 10.097203016281128
    }
  ],
  "total_walltime_sec": 110.19908785820007
}