{
  "args": {
    "methods": [
      "vanilla",
      "fairds-2",
      "ren2018"
    ],
    "seeds": [
      0,
      1
    ],
    "ratios": [
      0.9
    ],
    "epochs": 20,
    "n_train": 5000,
    "batch_size": 128,
    "lr": 0.05,
    "alpha": 0.5,
    "temperature": 0.1,
    "weight_scale": 4.0,
    "device": "cuda",
    "out_root": "results/e3"
  },
  "runs": [
    {
      "method": "vanilla",
      "seed": 0,
      "majority_ratio": 0.9,
      "epochs": 20,
      "lr": 0.05,
      "alpha": 0.5,
      "temperature": 0.1,
      "weight_scale": 4.0,
      "n_train": 5000,
      "val_eval_acc": 0.8840000629425049,
      "val_eval_worst": 0.8080000281333923,
      "val_eval_acc_g0": 0.9600000381469727,
      "val_eval_acc_g1": 0.8080000281333923,
      "test_acc": 0.7026000022888184,
      "test_worst": 0.6708889007568359,
      "test_acc_aligned": 0.9880000352859497,
      "test_acc_flipped": 0.6708889007568359,
      "walltime_sec": 1.6597545146942139
    },
    {
      "method": "vanilla",
      "seed": 1,
      "majority_ratio": 0.9,
      "epochs": 20,
      "lr": 0.05,
      "alpha": 0.5,
      "temperature": 0.1,
      "weight_scale": 4.0,
      "n_train": 5000,
      "val_eval_acc": 0.9180000424385071,
      "val_eval_worst": 0.8760000467300415,
      "val_eval_acc_g0": 0.9600000381469727,
      "val_eval_acc_g1": 0.8760000467300415,
      "test_acc": 0.7983999848365784,
      "test_worst": 0.780026376247406,
      "test_acc_aligned": 0.9823788404464722,
      "test_acc_flipped": 0.780026376247406,
      "walltime_sec": 1.2176458835601807
    },
    {
      "method": "fairds-2",
      "seed": 0,
      "majority_ratio": 0.9,
      "epochs": 20,
      "lr": 0.05,
      "alpha": 0.5,
      "temperature": 0.1,
      "weight_scale": 4.0,
      "n_train": 5000,
      "val_eval_acc": 0.89000004529953,
      "val_eval_worst": 0.8440000414848328,
      "val_eval_acc_g0": 0.9360000491142273,
      "val_eval_acc_g1": 0.8440000414848328,
      "test_acc": 0.7545999884605408,
      "test_worst": 0.7319999933242798,
      "test_acc_aligned": 0.9580000638961792,
      "test_acc_flipped": 0.7319999933242798,
      "w_std_mean": 2.0790307850763203,
      "walltime_sec": 9.303186655044556
    },
    {
      "method": "fairds-2",
      "seed": 1,
      "majority_ratio": 0.9,
      "epochs": 20,
      "lr": 0.05,
      "alpha": 0.5,
      "temperature": 0.1,
      "weight_scale": 4.0,
      "n_train": 5000,
      "val_eval_acc": 0.8980000615119934,
      "val_eval_worst": 0.8520000576972961,
      "val_eval_acc_g0": 0.9440000653266907,
      "val_eval_acc_g1": 0.8520000576972961,
      "test_acc": 0.8131999969482422,
      "test_worst": 0.7980642318725586,
      "test_acc_aligned": 0.9647576808929443,
      "test_acc_flipped": 0.7980642318725586,
      "w_std_mean": 2.20913119379431,
      "walltime_sec": 8.958986520767212
    },
    {
      "method": "ren2018",
      "seed": 0,
      "majority_ratio": 0.9,
      "epochs": 20,
      "lr": 0.05,
      "alpha": 0.5,
      "temperature": 0.1,
      "weight_scale": 4.0,
      "n_train": 5000,
      "val_eval_acc": 0.9020000696182251,
      "val_eval_worst": 0.8560000658035278,
      "val_eval_acc_g0": 0.9480000734329224,
      "val_eval_acc_g1": 0.8560000658035278,
      "test_acc": 0.767799973487854,
      "test_worst": 0.7457777857780457,
      "test_acc_aligned": 0.9660000205039978,
      "test_acc_flipped": 0.7457777857780457,
      "walltime_sec": 4.96718692779541
    },
    {
      "method": "ren2018",
      "seed": 1,
      "majority_ratio": 0.9,
      "epochs": 20,
      "lr": 0.05,
      "alpha": 0.5,
      "temperature": 0.1,
      "weight_scale": 4.0,
      "n_train": 5000,
      "val_eval_acc": 0.9240000247955322,
      "val_eval_worst": 0.8880000710487366,
      "val_eval_acc_g0": 0.9600000381469727,
      "val_eval_acc_g1": 0.8880000710487366,
      "test_acc": 0.8829999566078186,
      "test_worst": 0.8754949569702148,
      "test_acc_aligned": 0.9581497311592102,
      "test_acc_flipped": 0.8754949569702148,
      "walltime_sec": 4.416391372680664
    }
  ],
  "total_walltime_sec": 30.523531198501587
}