{
  "args": {
    "methods": [
      "fairds-2"
    ],
    "seeds": [
      0,
      1,
      2,
      3,
      4,
      5,
      6,
      7,
      8,
      9
    ],
    "ratios": [
      0.9
    ],
    "strengths": [
      0.9
    ],
    "epochs": 30,
    "n_train": 5000,
    "batch_size": 128,
    "lr": 0.02,
    "alpha": 0.5,
    "temperature": 0.1,
    "weight_scale": 4.0,
    "device": "cuda",
    "out_root": "results/e5_alpha_abl/a0.5"
  },
  "runs": [
    {
      "method": "fairds-2",
      "seed": 0,
      "majority_ratio": 0.9,
      "p_corr_majority": 0.9,
      "epochs": 30,
      "lr": 0.02,
      "alpha": 0.5,
      "temperature": 0.1,
      "weight_scale": 4.0,
      "n_train": 5000,
      "val_eval_acc": 0.734000027179718,
      "val_eval_worst": 0.656000018119812,
      "val_eval_acc_g0": 0.8119999766349792,
      "val_eval_acc_g1": 0.656000018119812,
      "test_acc": 0.47600001096725464,
      "test_worst": 0.4304783046245575,
      "test_acc_aligned": 0.8811880946159363,
      "test_acc_flipped": 0.4304783046245575,
      "w_std_mean": 2.7128627963364123,
      "walltime_sec": 12.559561014175415
    },
    {
      "method": "fairds-2",
      "seed": 1,
      "majority_ratio": 0.9,
      "p_corr_majority": 0.9,
      "epochs": 30,
      "lr": 0.02,
      "alpha": 0.5,
      "temperature": 0.1,
      "weight_scale": 4.0,
      "n_train": 5000,
      "val_eval_acc": 0.6899999976158142,
      "val_eval_worst": 0.5960000157356262,
      "val_eval_acc_g0": 0.7839999794960022,
      "val_eval_acc_g1": 0.5960000157356262,
      "test_acc": 0.4325000047683716,
      "test_worst": 0.38792622089385986,
      "test_acc_aligned": 0.8104265332221985,
      "test_acc_flipped": 0.38792622089385986,
      "w_std_mean": 2.8618519886831444,
      "walltime_sec": 12.90025281906128
    },
    {
      "method": "fairds-2",
      "seed": 2,
      "majority_ratio": 0.9,
      "p_corr_majority": 0.9,
      "epochs": 30,
      "lr": 0.02,
      "alpha": 0.5,
      "temperature": 0.1,
      "weight_scale": 4.0,
      "n_train": 5000,
      "val_eval_acc": 0.699999988079071,
      "val_eval_worst": 0.5879999995231628,
      "val_eval_acc_g0": 0.8119999766349792,
      "val_eval_acc_g1": 0.5879999995231628,
      "test_acc": 0.45249998569488525,
      "test_worst": 0.4037819802761078,
      "test_acc_aligned": 0.8861386179924011,
      "test_acc_flipped": 0.4037819802761078,
      "w_std_mean": 2.815039441784223,
      "walltime_sec": 12.230350017547607
    },
    {
      "method": "fairds-2",
      "seed": 3,
      "majority_ratio": 0.9,
      "p_corr_majority": 0.9,
      "epochs": 30,
      "lr": 0.02,
      "alpha": 0.5,
      "temperature": 0.1,
      "weight_scale": 4.0,
      "n_train": 5000,
      "val_eval_acc": 0.7059999704360962,
      "val_eval_worst": 0.6039999723434448,
      "val_eval_acc_g0": 0.8080000281333923,
      "val_eval_acc_g1": 0.6039999723434448,
      "test_acc": 0.47850000858306885,
      "test_worst": 0.44855743646621704,
      "test_acc_aligned": 0.8159509301185608,
      "test_acc_flipped": 0.44855743646621704,
      "w_std_mean": 2.3175184007982415,
      "walltime_sec": 12.35619854927063
    },
    {
      "method": "fairds-2",
      "seed": 4,
      "majority_ratio": 0.9,
      "p_corr_majority": 0.9,
      "epochs": 30,
      "lr": 0.02,
      "alpha": 0.5,
      "temperature": 0.1,
      "weight_scale": 4.0,
      "n_train": 5000,
      "val_eval_acc": 0.699999988079071,
      "val_eval_worst": 0.6320000290870667,
      "val_eval_acc_g0": 0.7680000066757202,
      "val_eval_acc_g1": 0.6320000290870667,
      "test_acc": 0.5450000166893005,
      "test_worst": 0.5189098715782166,
      "test_acc_aligned": 0.7772276997566223,
      "test_acc_flipped": 0.5189098715782166,
      "w_std_mean": 2.691637426565091,
      "walltime_sec": 13.571478366851807
    },
    {
      "method": "fairds-2",
      "seed": 5,
      "majority_ratio": 0.9,
      "p_corr_majority": 0.9,
      "epochs": 30,
      "lr": 0.02,
      "alpha": 0.5,
      "temperature": 0.1,
      "weight_scale": 4.0,
      "n_train": 5000,
      "val_eval_acc": 0.734000027179718,
      "val_eval_worst": 0.6439999938011169,
      "val_eval_acc_g0": 0.8240000009536743,
      "val_eval_acc_g1": 0.6439999938011169,
      "test_acc": 0.4625000059604645,
      "test_worst": 0.4161073863506317,
      "test_acc_aligned": 0.8537735939025879,
      "test_acc_flipped": 0.4161073863506317,
      "w_std_mean": 2.4479256604115167,
      "walltime_sec": 13.222765445709229
    },
    {
      "method": "fairds-2",
      "seed": 6,
      "majority_ratio": 0.9,
      "p_corr_majority": 0.9,
      "epochs": 30,
      "lr": 0.02,
      "alpha": 0.5,
      "temperature": 0.1,
      "weight_scale": 4.0,
      "n_train": 5000,
      "val_eval_acc": 0.7440000176429749,
      "val_eval_worst": 0.6439999938011169,
      "val_eval_acc_g0": 0.843999981880188,
      "val_eval_acc_g1": 0.6439999938011169,
      "test_acc": 0.3995000123977661,
      "test_worst": 0.34350720047950745,
      "test_acc_aligned": 0.9090909361839294,
      "test_acc_flipped": 0.34350720047950745,
      "w_std_mean": 2.648650702734788,
      "walltime_sec": 12.625917434692383
    },
    {
      "method": "fairds-2",
      "seed": 7,
      "majority_ratio": 0.9,
      "p_corr_majority": 0.9,
      "epochs": 30,
      "lr": 0.02,
      "alpha": 0.5,
      "temperature": 0.1,
      "weight_scale": 4.0,
      "n_train": 5000,
      "val_eval_acc": 0.7179999947547913,
      "val_eval_worst": 0.6639999747276306,
      "val_eval_acc_g0": 0.7720000147819519,
      "val_eval_acc_g1": 0.6639999747276306,
      "test_acc": 0.45750001072883606,
      "test_worst": 0.41726619005203247,
      "test_acc_aligned": 0.8341968655586243,
      "test_acc_flipped": 0.41726619005203247,
      "w_std_mean": 2.674320200234652,
      "walltime_sec": 12.993510484695435
    },
    {
      "method": "fairds-2",
      "seed": 8,
      "majority_ratio": 0.9,
      "p_corr_majority": 0.9,
      "epochs": 30,
      "lr": 0.02,
      "alpha": 0.5,
      "temperature": 0.1,
      "weight_scale": 4.0,
      "n_train": 5000,
      "val_eval_acc": 0.7559999823570251,
      "val_eval_worst": 0.6800000071525574,
      "val_eval_acc_g0": 0.8320000171661377,
      "val_eval_acc_g1": 0.6800000071525574,
      "test_acc": 0.5134999752044678,
      "test_worst": 0.4731003940105438,
      "test_acc_aligned": 0.8832487463951111,
      "test_acc_flipped": 0.4731003940105438,
      "w_std_mean": 2.579577879110972,
      "walltime_sec": 14.428257942199707
    },
    {
      "method": "fairds-2",
      "seed": 9,
      "majority_ratio": 0.9,
      "p_corr_majority": 0.9,
      "epochs": 30,
      "lr": 0.02,
      "alpha": 0.5,
      "temperature": 0.1,
      "weight_scale": 4.0,
      "n_train": 5000,
      "val_eval_acc": 0.7559999823570251,
      "val_eval_worst": 0.6759999990463257,
      "val_eval_acc_g0": 0.8360000252723694,
      "val_eval_acc_g1": 0.6759999990463257,
      "test_acc": 0.44200000166893005,
      "test_worst": 0.3944598436355591,
      "test_acc_aligned": 0.8820512890815735,
      "test_acc_flipped": 0.3944598436355591,
      "w_std_mean": 2.7615747213860353,
      "walltime_sec": 11.358644485473633
    }
  ],
  "total_walltime_sec": 128.2474455833435
}