{
  "args": {
    "methods": [
      "fairds-2"
    ],
    "seeds": [
      0,
      1,
      2,
      3,
      4,
      5,
      6,
      7,
      8,
      9
    ],
    "ratios": [
      0.9
    ],
    "strengths": [
      0.9
    ],
    "epochs": 30,
    "n_train": 1400,
    "batch_size": 64,
    "lr": 0.02,
    "alpha": 0.5,
    "temperature": 0.1,
    "weight_scale": 4.0,
    "arm": "residual_real",
    "device": "cuda",
    "out_root": "results/e6_resid"
  },
  "runs": [
    {
      "method": "fairds-2",
      "seed": 0,
      "majority_ratio": 0.9,
      "p_corr_majority": 0.9,
      "arm": "residual_real",
      "epochs": 30,
      "lr": 0.02,
      "alpha": 0.5,
      "temperature": 0.1,
      "weight_scale": 4.0,
      "n_train": 1400,
      "val_eval_acc": 0.6200000047683716,
      "val_eval_worst": 0.5533333420753479,
      "val_eval_acc_g0": 0.6866666674613953,
      "val_eval_acc_g1": 0.5533333420753479,
      "test_acc": 0.48500001430511475,
      "test_worst": 0.4444444477558136,
      "test_acc_aligned": 0.8500000238418579,
      "test_acc_flipped": 0.4444444477558136,
      "w_std_mean": 3.4673918777343,
      "walltime_sec": 51.047527551651
    },
    {
      "method": "fairds-2",
      "seed": 1,
      "majority_ratio": 0.9,
      "p_corr_majority": 0.9,
      "arm": "residual_real",
      "epochs": 30,
      "lr": 0.02,
      "alpha": 0.5,
      "temperature": 0.1,
      "weight_scale": 4.0,
      "n_train": 1400,
      "val_eval_acc": 0.7233333587646484,
      "val_eval_worst": 0.6066666841506958,
      "val_eval_acc_g0": 0.8399999737739563,
      "val_eval_acc_g1": 0.6066666841506958,
      "test_acc": 0.31166666746139526,
      "test_worst": 0.2444852888584137,
      "test_acc_aligned": 0.9642857313156128,
      "test_acc_flipped": 0.2444852888584137,
      "w_std_mean": 3.2955465199369374,
      "walltime_sec": 50.20353102684021
    },
    {
      "method": "fairds-2",
      "seed": 2,
      "majority_ratio": 0.9,
      "p_corr_majority": 0.9,
      "arm": "residual_real",
      "epochs": 30,
      "lr": 0.02,
      "alpha": 0.5,
      "temperature": 0.1,
      "weight_scale": 4.0,
      "n_train": 1400,
      "val_eval_acc": 0.699999988079071,
      "val_eval_worst": 0.5933333039283752,
      "val_eval_acc_g0": 0.8066666722297668,
      "val_eval_acc_g1": 0.5933333039283752,
      "test_acc": 0.4216666519641876,
      "test_worst": 0.3661710023880005,
      "test_acc_aligned": 0.9032257795333862,
      "test_acc_flipped": 0.3661710023880005,
      "w_std_mean": 3.3706460002696876,
      "walltime_sec": 50.2092170715332
    },
    {
      "method": "fairds-2",
      "seed": 3,
      "majority_ratio": 0.9,
      "p_corr_majority": 0.9,
      "arm": "residual_real",
      "epochs": 30,
      "lr": 0.02,
      "alpha": 0.5,
      "temperature": 0.1,
      "weight_scale": 4.0,
      "n_train": 1400,
      "val_eval_acc": 0.7166666388511658,
      "val_eval_worst": 0.5400000214576721,
      "val_eval_acc_g0": 0.8933333158493042,
      "val_eval_acc_g1": 0.5400000214576721,
      "test_acc": 0.2133333384990692,
      "test_worst": 0.13627992570400238,
      "test_acc_aligned": 0.9473684430122375,
      "test_acc_flipped": 0.13627992570400238,
      "w_std_mean": 3.0899872426733825,
      "walltime_sec": 50.16071820259094
    },
    {
      "method": "fairds-2",
      "seed": 4,
      "majority_ratio": 0.9,
      "p_corr_majority": 0.9,
      "arm": "residual_real",
      "epochs": 30,
      "lr": 0.02,
      "alpha": 0.5,
      "temperature": 0.1,
      "weight_scale": 4.0,
      "n_train": 1400,
      "val_eval_acc": 0.753333330154419,
      "val_eval_worst": 0.6866666674613953,
      "val_eval_acc_g0": 0.8199999928474426,
      "val_eval_acc_g1": 0.6866666674613953,
      "test_acc": 0.5083333253860474,
      "test_worst": 0.45996275544166565,
      "test_acc_aligned": 0.920634925365448,
      "test_acc_flipped": 0.45996275544166565,
      "w_std_mean": 3.310246338085695,
      "walltime_sec": 50.18613624572754
    },
    {
      "method": "fairds-2",
      "seed": 5,
      "majority_ratio": 0.9,
      "p_corr_majority": 0.9,
      "arm": "residual_real",
      "epochs": 30,
      "lr": 0.02,
      "alpha": 0.5,
      "temperature": 0.1,
      "weight_scale": 4.0,
      "n_train": 1400,
      "val_eval_acc": 0.7099999785423279,
      "val_eval_worst": 0.6066666841506958,
      "val_eval_acc_g0": 0.8133333325386047,
      "val_eval_acc_g1": 0.6066666841506958,
      "test_acc": 0.3083333373069763,
      "test_worst": 0.23220974206924438,
      "test_acc_aligned": 0.9242424368858337,
      "test_acc_flipped": 0.23220974206924438,
      "w_std_mean": 3.386591096990036,
      "walltime_sec": 50.1947546005249
    },
    {
      "method": "fairds-2",
      "seed": 6,
      "majority_ratio": 0.9,
      "p_corr_majority": 0.9,
      "arm": "residual_real",
      "epochs": 30,
      "lr": 0.02,
      "alpha": 0.5,
      "temperature": 0.1,
      "weight_scale": 4.0,
      "n_train": 1400,
      "val_eval_acc": 0.75,
      "val_eval_worst": 0.6466666460037231,
      "val_eval_acc_g0": 0.8533333539962769,
      "val_eval_acc_g1": 0.6466666460037231,
      "test_acc": 0.3499999940395355,
      "test_worst": 0.2958257794380188,
      "test_acc_aligned": 0.9591836929321289,
      "test_acc_flipped": 0.2958257794380188,
      "w_std_mean": 3.3573952160098335,
      "walltime_sec": 50.21051907539368
    },
    {
      "method": "fairds-2",
      "seed": 7,
      "majority_ratio": 0.9,
      "p_corr_majority": 0.9,
      "arm": "residual_real",
      "epochs": 30,
      "lr": 0.02,
      "alpha": 0.5,
      "temperature": 0.1,
      "weight_scale": 4.0,
      "n_train": 1400,
      "val_eval_acc": 0.6966666579246521,
      "val_eval_worst": 0.5266666412353516,
      "val_eval_acc_g0": 0.8666666746139526,
      "val_eval_acc_g1": 0.5266666412353516,
      "test_acc": 0.2783333361148834,
      "test_worst": 0.19475655257701874,
      "test_acc_aligned": 0.9545454382896423,
      "test_acc_flipped": 0.19475655257701874,
      "w_std_mean": 3.2627319618156463,
      "walltime_sec": 50.228269815444946
    },
    {
      "method": "fairds-2",
      "seed": 8,
      "majority_ratio": 0.9,
      "p_corr_majority": 0.9,
      "arm": "residual_real",
      "epochs": 30,
      "lr": 0.02,
      "alpha": 0.5,
      "temperature": 0.1,
      "weight_scale": 4.0,
      "n_train": 1400,
      "val_eval_acc": 0.7133333086967468,
      "val_eval_worst": 0.6200000047683716,
      "val_eval_acc_g0": 0.8066666722297668,
      "val_eval_acc_g1": 0.6200000047683716,
      "test_acc": 0.4583333432674408,
      "test_worst": 0.4220183491706848,
      "test_acc_aligned": 0.8181818127632141,
      "test_acc_flipped": 0.4220183491706848,
      "w_std_mean": 3.2128765513499578,
      "walltime_sec": 50.19548010826111
    },
    {
      "method": "fairds-2",
      "seed": 9,
      "majority_ratio": 0.9,
      "p_corr_majority": 0.9,
      "arm": "residual_real",
      "epochs": 30,
      "lr": 0.02,
      "alpha": 0.5,
      "temperature": 0.1,
      "weight_scale": 4.0,
      "n_train": 1400,
      "val_eval_acc": 0.6499999761581421,
      "val_eval_worst": 0.5799999833106995,
      "val_eval_acc_g0": 0.7200000286102295,
      "val_eval_acc_g1": 0.5799999833106995,
      "test_acc": 0.45500001311302185,
      "test_worst": 0.43406593799591064,
      "test_acc_aligned": 0.6666666865348816,
      "test_acc_flipped": 0.43406593799591064,
      "w_std_mean": 3.2355357643329734,
      "walltime_sec": 50.18136191368103
    }
  ],
  "total_walltime_sec": 502.81793332099915
}