{
  "args": {
    "methods": [
      "fairds-2"
    ],
    "seeds": [
      10,
      11,
      12,
      13,
      14,
      15,
      16,
      17,
      18,
      19
    ],
    "ratios": [
      0.9
    ],
    "epochs": 20,
    "n_train": 5000,
    "batch_size": 128,
    "lr": 0.05,
    "alpha": 0.5,
    "temperature": 0.1,
    "weight_scale": 4.0,
    "arm": "residual_shuffle",
    "device": "cuda",
    "out_root": "results/e3_resid/residual_shuffle"
  },
  "runs": [
    {
      "method": "fairds-2",
      "seed": 10,
      "majority_ratio": 0.9,
      "arm": "residual_shuffle",
      "epochs": 20,
      "lr": 0.05,
      "alpha": 0.5,
      "temperature": 0.1,
      "weight_scale": 4.0,
      "n_train": 5000,
      "val_eval_acc": 0.9200000166893005,
      "val_eval_worst": 0.8960000276565552,
      "val_eval_acc_g0": 0.9440000653266907,
      "val_eval_acc_g1": 0.8960000276565552,
      "test_acc": 0.839199960231781,
      "test_worst": 0.8277938961982727,
      "test_acc_aligned": 0.9381044507026672,
      "test_acc_flipped": 0.8277938961982727,
      "w_std_mean": 2.5952362249046566,
      "walltime_sec": 8.068547010421753
    },
    {
      "method": "fairds-2",
      "seed": 11,
      "majority_ratio": 0.9,
      "arm": "residual_shuffle",
      "epochs": 20,
      "lr": 0.05,
      "alpha": 0.5,
      "temperature": 0.1,
      "weight_scale": 4.0,
      "n_train": 5000,
      "val_eval_acc": 0.5680000185966492,
      "val_eval_worst": 0.5200000405311584,
      "val_eval_acc_g0": 0.5200000405311584,
      "val_eval_acc_g1": 0.6160000562667847,
      "test_acc": 0.573199987411499,
      "test_worst": 0.5163264870643616,
      "test_acc_aligned": 0.5163264870643616,
      "test_acc_flipped": 0.5793792009353638,
      "w_std_mean": 2.647656495794654,
      "walltime_sec": 7.484001398086548
    },
    {
      "method": "fairds-2",
      "seed": 12,
      "majority_ratio": 0.9,
      "arm": "residual_shuffle",
      "epochs": 20,
      "lr": 0.05,
      "alpha": 0.5,
      "temperature": 0.1,
      "weight_scale": 4.0,
      "n_train": 5000,
      "val_eval_acc": 0.9260000586509705,
      "val_eval_worst": 0.9240000247955322,
      "val_eval_acc_g0": 0.9280000329017639,
      "val_eval_acc_g1": 0.9240000247955322,
      "test_acc": 0.8689999580383301,
      "test_worst": 0.8586980700492859,
      "test_acc_aligned": 0.9619238376617432,
      "test_acc_flipped": 0.8586980700492859,
      "w_std_mean": 2.489373615682125,
      "walltime_sec": 7.469531059265137
    },
    {
      "method": "fairds-2",
      "seed": 13,
      "majority_ratio": 0.9,
      "arm": "residual_shuffle",
      "epochs": 20,
      "lr": 0.05,
      "alpha": 0.5,
      "temperature": 0.1,
      "weight_scale": 4.0,
      "n_train": 5000,
      "val_eval_acc": 0.9000000357627869,
      "val_eval_worst": 0.8680000305175781,
      "val_eval_acc_g0": 0.9320000410079956,
      "val_eval_acc_g1": 0.8680000305175781,
      "test_acc": 0.8223999738693237,
      "test_worst": 0.8101963996887207,
      "test_acc_aligned": 0.9402985572814941,
      "test_acc_flipped": 0.8101963996887207,
      "w_std_mean": 2.764546138122678,
      "walltime_sec": 7.482619762420654
    },
    {
      "method": "fairds-2",
      "seed": 14,
      "majority_ratio": 0.9,
      "arm": "residual_shuffle",
      "epochs": 20,
      "lr": 0.05,
      "alpha": 0.5,
      "temperature": 0.1,
      "weight_scale": 4.0,
      "n_train": 5000,
      "val_eval_acc": 0.89000004529953,
      "val_eval_worst": 0.8480000495910645,
      "val_eval_acc_g0": 0.9320000410079956,
      "val_eval_acc_g1": 0.8480000495910645,
      "test_acc": 0.8384000062942505,
      "test_worst": 0.8253827691078186,
      "test_acc_aligned": 0.9574036002159119,
      "test_acc_flipped": 0.8253827691078186,
      "w_std_mean": 2.500341305658221,
      "walltime_sec": 7.572080850601196
    },
    {
      "method": "fairds-2",
      "seed": 15,
      "majority_ratio": 0.9,
      "arm": "residual_shuffle",
      "epochs": 20,
      "lr": 0.05,
      "alpha": 0.5,
      "temperature": 0.1,
      "weight_scale": 4.0,
      "n_train": 5000,
      "val_eval_acc": 0.6660000085830688,
      "val_eval_worst": 0.6240000128746033,
      "val_eval_acc_g0": 0.7080000042915344,
      "val_eval_acc_g1": 0.6240000128746033,
      "test_acc": 0.6765999794006348,
      "test_worst": 0.6721384525299072,
      "test_acc_aligned": 0.7174796462059021,
      "test_acc_flipped": 0.6721384525299072,
      "w_std_mean": 2.7901667027920483,
      "walltime_sec": 7.45031213760376
    },
    {
      "method": "fairds-2",
      "seed": 16,
      "majority_ratio": 0.9,
      "arm": "residual_shuffle",
      "epochs": 20,
      "lr": 0.05,
      "alpha": 0.5,
      "temperature": 0.1,
      "weight_scale": 4.0,
      "n_train": 5000,
      "val_eval_acc": 0.8920000195503235,
      "val_eval_worst": 0.8640000224113464,
      "val_eval_acc_g0": 0.9200000166893005,
      "val_eval_acc_g1": 0.8640000224113464,
      "test_acc": 0.7983999848365784,
      "test_worst": 0.7821475863456726,
      "test_acc_aligned": 0.9535864591598511,
      "test_acc_flipped": 0.7821475863456726,
      "w_std_mean": 2.6552346297353506,
      "walltime_sec": 7.480689287185669
    },
    {
      "method": "fairds-2",
      "seed": 17,
      "majority_ratio": 0.9,
      "arm": "residual_shuffle",
      "epochs": 20,
      "lr": 0.05,
      "alpha": 0.5,
      "temperature": 0.1,
      "weight_scale": 4.0,
      "n_train": 5000,
      "val_eval_acc": 0.8800000548362732,
      "val_eval_worst": 0.8600000143051147,
      "val_eval_acc_g0": 0.8600000143051147,
      "val_eval_acc_g1": 0.9000000357627869,
      "test_acc": 0.8529999852180481,
      "test_worst": 0.8493760824203491,
      "test_acc_aligned": 0.884765625,
      "test_acc_flipped": 0.8493760824203491,
      "w_std_mean": 2.415989282988012,
      "walltime_sec": 7.462325572967529
    },
    {
      "method": "fairds-2",
      "seed": 18,
      "majority_ratio": 0.9,
      "arm": "residual_shuffle",
      "epochs": 20,
      "lr": 0.05,
      "alpha": 0.5,
      "temperature": 0.1,
      "weight_scale": 4.0,
      "n_train": 5000,
      "val_eval_acc": 0.5180000066757202,
      "val_eval_worst": 0.5040000081062317,
      "val_eval_acc_g0": 0.5040000081062317,
      "val_eval_acc_g1": 0.5320000052452087,
      "test_acc": 0.5537999868392944,
      "test_worst": 0.5240848064422607,
      "test_acc_aligned": 0.5240848064422607,
      "test_acc_flipped": 0.557241678237915,
      "w_std_mean": 2.7832014691084623,
      "walltime_sec": 7.53984522819519
    },
    {
      "method": "fairds-2",
      "seed": 19,
      "majority_ratio": 0.9,
      "arm": "residual_shuffle",
      "epochs": 20,
      "lr": 0.05,
      "alpha": 0.5,
      "temperature": 0.1,
      "weight_scale": 4.0,
      "n_train": 5000,
      "val_eval_acc": 0.8160000443458557,
      "val_eval_worst": 0.7680000066757202,
      "val_eval_acc_g0": 0.8640000224113464,
      "val_eval_acc_g1": 0.7680000066757202,
      "test_acc": 0.5651999711990356,
      "test_worst": 0.5231078267097473,
      "test_acc_aligned": 0.9270632863044739,
      "test_acc_flipped": 0.5231078267097473,
      "w_std_mean": 2.504178669601679,
      "walltime_sec": 7.445497035980225
    }
  ],
  "total_walltime_sec": 75.45583844184875
}