{
  "args": {
    "methods": [
      "vanilla",
      "fairds-1",
      "fairds-2",
      "ren2018"
    ],
    "seeds": [
      0,
      1,
      2
    ],
    "epochs": 10,
    "batch_size": 64,
    "lr": 0.001,
    "alpha": 0.5,
    "temperature": 0.5,
    "weight_scale": 1.0,
    "n_anchor_per_group": 50,
    "image_size": 96,
    "num_workers": 4,
    "warmup_epochs": 3,
    "device": "cuda",
    "out_root": "results/e3b_warmup3"
  },
  "runs": [
    {
      "method": "vanilla",
      "seed": 0,
      "epochs": 10,
      "lr": 0.001,
      "alpha": 0.5,
      "temperature": 0.5,
      "weight_scale": 1.0,
      "image_size": 96,
      "val_eval_acc": 0.6696696877479553,
      "val_eval_worst": 0.21686747670173645,
      "test_acc": 0.6750086545944214,
      "test_worst": 0.2133956402540207,
      "val_eval_acc_g0": 0.9640287756919861,
      "test_acc_g0": 0.9720621109008789,
      "val_eval_acc_g1": 0.42788460850715637,
      "test_acc_g1": 0.45676276087760925,
      "val_eval_acc_g2": 0.21686747670173645,
      "test_acc_g2": 0.2133956402540207,
      "val_eval_acc_g3": 0.8554216623306274,
      "test_acc_g3": 0.8598130941390991,
      "walltime_sec": 26.834500551223755
    },
    {
      "method": "vanilla",
      "seed": 1,
      "epochs": 10,
      "lr": 0.001,
      "alpha": 0.5,
      "temperature": 0.5,
      "weight_scale": 1.0,
      "image_size": 96,
      "val_eval_acc": 0.6666666865348816,
      "val_eval_worst": 0.16867469251155853,
      "test_acc": 0.6615464091300964,
      "test_worst": 0.1370716542005539,
      "val_eval_acc_g0": 0.9856114983558655,
      "test_acc_g0": 0.9796009063720703,
      "val_eval_acc_g1": 0.41586539149284363,
      "test_acc_g1": 0.4385809302330017,
      "val_eval_acc_g2": 0.16867469251155853,
      "test_acc_g2": 0.1370716542005539,
      "val_eval_acc_g3": 0.8192771077156067,
      "test_acc_g3": 0.8520249128341675,
      "walltime_sec": 26.507718086242676
    },
    {
      "method": "vanilla",
      "seed": 2,
      "epochs": 10,
      "lr": 0.001,
      "alpha": 0.5,
      "temperature": 0.5,
      "weight_scale": 1.0,
      "image_size": 96,
      "val_eval_acc": 0.6266266107559204,
      "val_eval_worst": 0.20481927692890167,
      "test_acc": 0.6342768669128418,
      "test_worst": 0.1962616890668869,
      "val_eval_acc_g0": 0.9664268493652344,
      "test_acc_g0": 0.9676274657249451,
      "val_eval_acc_g1": 0.3100961446762085,
      "test_acc_g1": 0.35121950507164,
      "val_eval_acc_g2": 0.20481927692890167,
      "test_acc_g2": 0.1962616890668869,
      "val_eval_acc_g3": 0.9277108311653137,
      "test_acc_g3": 0.895638644695282,
      "walltime_sec": 26.36159920692444
    },
    {
      "method": "fairds-1",
      "seed": 0,
      "epochs": 10,
      "lr": 0.001,
      "alpha": 0.5,
      "temperature": 0.5,
      "weight_scale": 1.0,
      "image_size": 96,
      "val_eval_acc": 0.6476476192474365,
      "val_eval_worst": 0.2650602459907532,
      "test_acc": 0.6584397554397583,
      "test_worst": 0.26323986053466797,
      "val_eval_acc_g0": 0.9328536987304688,
      "test_acc_g0": 0.9383592009544373,
      "val_eval_acc_g1": 0.4014423191547394,
      "test_acc_g1": 0.4305986762046814,
      "val_eval_acc_g2": 0.2650602459907532,
      "test_acc_g2": 0.26323986053466797,
      "val_eval_acc_g3": 0.8313252925872803,
      "test_acc_g3": 0.8707165122032166,
      "walltime_sec": 46.22380495071411
    },
    {
      "method": "fairds-1",
      "seed": 1,
      "epochs": 10,
      "lr": 0.001,
      "alpha": 0.5,
      "temperature": 0.5,
      "weight_scale": 1.0,
      "image_size": 96,
      "val_eval_acc": 0.5955955982208252,
      "val_eval_worst": 0.21686747670173645,
      "test_acc": 0.5961339473724365,
      "test_worst": 0.20716510713100433,
      "val_eval_acc_g0": 0.944844126701355,
      "test_acc_g0": 0.9450110793113708,
      "val_eval_acc_g1": 0.26923078298568726,
      "test_acc_g1": 0.2762749493122101,
      "val_eval_acc_g2": 0.21686747670173645,
      "test_acc_g2": 0.20716510713100433,
      "val_eval_acc_g3": 0.8554216623306274,
      "test_acc_g3": 0.8831775784492493,
      "walltime_sec": 47.695794343948364
    },
    {
      "method": "fairds-1",
      "seed": 2,
      "epochs": 10,
      "lr": 0.001,
      "alpha": 0.5,
      "temperature": 0.5,
      "weight_scale": 1.0,
      "image_size": 96,
      "val_eval_acc": 0.4864864945411682,
      "val_eval_worst": 0.09134615212678909,
      "test_acc": 0.49585777521133423,
      "test_worst": 0.06962306052446365,
      "val_eval_acc_g0": 0.7553957104682922,
      "test_acc_g0": 0.7658536434173584,
      "val_eval_acc_g1": 0.09134615212678909,
      "test_acc_g1": 0.06962306052446365,
      "val_eval_acc_g2": 0.6024096608161926,
      "test_acc_g2": 0.5560747385025024,
      "val_eval_acc_g3": 1.0,
      "test_acc_g3": 0.9844236969947815,
      "walltime_sec": 47.71367788314819
    },
    {
      "method": "fairds-2",
      "seed": 0,
      "epochs": 10,
      "lr": 0.001,
      "alpha": 0.5,
      "temperature": 0.5,
      "weight_scale": 1.0,
      "image_size": 96,
      "val_eval_acc": 0.6436436176300049,
      "val_eval_worst": 0.3012048304080963,
      "test_acc": 0.6534345746040344,
      "test_worst": 0.27725857496261597,
      "val_eval_acc_g0": 0.9328536987304688,
      "test_acc_g0": 0.9352549910545349,
      "val_eval_acc_g1": 0.3822115361690521,
      "test_acc_g1": 0.4146341383457184,
      "val_eval_acc_g2": 0.3012048304080963,
      "test_acc_g2": 0.27725857496261597,
      "val_eval_acc_g3": 0.8433734774589539,
      "test_acc_g3": 0.8785046935081482,
      "walltime_sec": 89.18059992790222
    },
    {
      "method": "fairds-2",
      "seed": 1,
      "epochs": 10,
      "lr": 0.001,
      "alpha": 0.5,
      "temperature": 0.5,
      "weight_scale": 1.0,
      "image_size": 96,
      "val_eval_acc": 0.5745745897293091,
      "val_eval_worst": 0.22355769574642181,
      "test_acc": 0.5824991464614868,
      "test_worst": 0.2429906576871872,
      "val_eval_acc_g0": 0.9232614040374756,
      "test_acc_g0": 0.9268292784690857,
      "val_eval_acc_g1": 0.22355769574642181,
      "test_acc_g1": 0.24390244483947754,
      "val_eval_acc_g2": 0.2650602459907532,
      "test_acc_g2": 0.2429906576871872,
      "val_eval_acc_g3": 0.891566276550293,
      "test_acc_g3": 0.9018691778182983,
      "walltime_sec": 89.2212507724762
    },
    {
      "method": "fairds-2",
      "seed": 2,
      "epochs": 10,
      "lr": 0.001,
      "alpha": 0.5,
      "temperature": 0.5,
      "weight_scale": 1.0,
      "image_size": 96,
      "val_eval_acc": 0.4974974989891052,
      "val_eval_worst": 0.10576923191547394,
      "test_acc": 0.5084570050239563,
      "test_worst": 0.080266073346138,
      "val_eval_acc_g0": 0.7817745804786682,
      "test_acc_g0": 0.8022173047065735,
      "val_eval_acc_g1": 0.10576923191547394,
      "test_acc_g1": 0.080266073346138,
      "val_eval_acc_g2": 0.5301204919815063,
      "test_acc_g2": 0.5093457698822021,
      "val_eval_acc_g3": 1.0,
      "test_acc_g3": 0.9797507524490356,
      "walltime_sec": 88.86272740364075
    },
    {
      "method": "ren2018",
      "seed": 0,
      "epochs": 10,
      "lr": 0.001,
      "alpha": 0.5,
      "temperature": 0.5,
      "weight_scale": 1.0,
      "image_size": 96,
      "val_eval_acc": 0.6256256103515625,
      "val_eval_worst": 0.4447115361690521,
      "test_acc": 0.6527442336082458,
      "test_worst": 0.4545454680919647,
      "val_eval_acc_g0": 0.7218225598335266,
      "test_acc_g0": 0.7321507930755615,
      "val_eval_acc_g1": 0.4447115361690521,
      "test_acc_g1": 0.4545454680919647,
      "val_eval_acc_g2": 0.7469879388809204,
      "test_acc_g2": 0.7881619930267334,
      "val_eval_acc_g3": 0.9277108311653137,
      "test_acc_g3": 0.9345794320106506,
      "walltime_sec": 43.82261371612549
    },
    {
      "method": "ren2018",
      "seed": 1,
      "epochs": 10,
      "lr": 0.001,
      "alpha": 0.5,
      "temperature": 0.5,