{
  "args": {
    "methods": [
      "dfr"
    ],
    "seeds": [
      0,
      1,
      2,
      3,
      4,
      5,
      6,
      7,
      8,
      9
    ],
    "epochs": 25,
    "batch_size": 128,
    "lr": 0.1,
    "alpha": 0.5,
    "temperature": 0.1,
    "weight_scale": 4.0,
    "n_anchor_per_group": 50,
    "image_size": 224,
    "num_workers": 8,
    "warmup_epochs": 0,
    "no_ema": false,
    "freeze_backbone": true,
    "device": "cuda",
    "out_root": "results/e3b_dfr"
  },
  "runs": [
    {
      "method": "dfr",
      "seed": 0,
      "epochs": 25,
      "lr": 0.1,
      "alpha": 0.5,
      "temperature": 0.1,
      "weight_scale": 4.0,
      "image_size": 224,
      "freeze_backbone": true,
      "val_eval_acc": 0.890890896320343,
      "val_eval_worst": 0.6867470145225525,
      "test_acc": 0.8831549882888794,
      "test_worst": 0.7009345889091492,
      "val_eval_acc_g0": 0.9424460530281067,
      "test_acc_g0": 0.9512194991111755,
      "val_eval_acc_g1": 0.879807710647583,
      "test_acc_g1": 0.8736141920089722,
      "val_eval_acc_g2": 0.6867470145225525,
      "test_acc_g2": 0.7009345889091492,
      "val_eval_acc_g3": 0.891566276550293,
      "test_acc_g3": 0.8598130941390991,
      "walltime_sec": 60.060736417770386
    },
    {
      "method": "dfr",
      "seed": 1,
      "epochs": 25,
      "lr": 0.1,
      "alpha": 0.5,
      "temperature": 0.1,
      "weight_scale": 4.0,
      "image_size": 224,
      "freeze_backbone": true,
      "val_eval_acc": 0.8778778910636902,
      "val_eval_worst": 0.22891566157341003,
      "test_acc": 0.8474283814430237,
      "test_worst": 0.26635512709617615,
      "val_eval_acc_g0": 1.0,
      "test_acc_g0": 0.9986696243286133,
      "val_eval_acc_g1": 0.9927884340286255,
      "test_acc_g1": 0.9911308288574219,
      "val_eval_acc_g2": 0.22891566157341003,
      "test_acc_g2": 0.26635512709617615,
      "val_eval_acc_g3": 0.33734938502311707,
      "test_acc_g3": 0.3925233781337738,
      "walltime_sec": 68.74567675590515
    },
    {
      "method": "dfr",
      "seed": 2,
      "epochs": 25,
      "lr": 0.1,
      "alpha": 0.5,
      "temperature": 0.1,
      "weight_scale": 4.0,
      "image_size": 224,
      "freeze_backbone": true,
      "val_eval_acc": 0.8948948979377747,
      "val_eval_worst": 0.46987950801849365,
      "test_acc": 0.8947186470031738,
      "test_worst": 0.5965732336044312,
      "val_eval_acc_g0": 0.973621129989624,
      "test_acc_g0": 0.9813747406005859,
      "val_eval_acc_g1": 0.932692289352417,
      "test_acc_g1": 0.9303769469261169,
      "val_eval_acc_g2": 0.46987950801849365,
      "test_acc_g2": 0.5965732336044312,
      "val_eval_acc_g3": 0.7349397540092468,
      "test_acc_g3": 0.763239860534668,
      "walltime_sec": 69.34000515937805
    },
    {
      "method": "dfr",
      "seed": 3,
      "epochs": 25,
      "lr": 0.1,
      "alpha": 0.5,
      "temperature": 0.1,
      "weight_scale": 4.0,
      "image_size": 224,
      "freeze_backbone": true,
      "val_eval_acc": 0.5555555820465088,
      "val_eval_worst": 0.38942307233810425,
      "test_acc": 0.5862961411476135,
      "test_worst": 0.4026607573032379,
      "val_eval_acc_g0": 0.5587530136108398,
      "test_acc_g0": 0.5494456887245178,
      "val_eval_acc_g1": 0.38942307233810425,
      "test_acc_g1": 0.4026607573032379,
      "val_eval_acc_g2": 0.9638554453849792,
      "test_acc_g2": 0.9750778675079346,
      "val_eval_acc_g3": 0.9638554453849792,
      "test_acc_g3": 0.9719626307487488,
      "walltime_sec": 72.17586159706116
    },
    {
      "method": "dfr",
      "seed": 4,
      "epochs": 25,
      "lr": 0.1,
      "alpha": 0.5,
      "temperature": 0.1,
      "weight_scale": 4.0,
      "image_size": 224,
      "freeze_backbone": true,
      "val_eval_acc": 0.8958958983421326,
      "val_eval_worst": 0.3734939694404602,
      "test_acc": 0.8879875540733337,
      "test_worst": 0.4984423816204071,
      "val_eval_acc_g0": 0.9904076457023621,
      "test_acc_g0": 0.9902439117431641,
      "val_eval_acc_g1": 0.9711538553237915,
      "test_acc_g1": 0.9640797972679138,
      "val_eval_acc_g2": 0.3734939694404602,
      "test_acc_g2": 0.4984423816204071,
      "val_eval_acc_g3": 0.5662650465965271,
      "test_acc_g3": 0.6510903239250183,
      "walltime_sec": 73.59703183174133
    },
    {
      "method": "dfr",
      "seed": 5,
      "epochs": 25,
      "lr": 0.1,
      "alpha": 0.5,
      "temperature": 0.1,
      "weight_scale": 4.0,
      "image_size": 224,
      "freeze_backbone": true,
      "val_eval_acc": 0.8958958983421326,
      "val_eval_worst": 0.6024096608161926,
      "test_acc": 0.8890231251716614,
      "test_worst": 0.618380069732666,
      "val_eval_acc_g0": 0.9616307020187378,
      "test_acc_g0": 0.9742794036865234,
      "val_eval_acc_g1": 0.90625,
      "test_acc_g1": 0.8975609540939331,
      "val_eval_acc_g2": 0.6024096608161926,
      "test_acc_g2": 0.618380069732666,
      "val_eval_acc_g3": 0.8072289228439331,
      "test_acc_g3": 0.8302180767059326,
      "walltime_sec": 71.37014508247375
    },
    {
      "method": "dfr",
      "seed": 6,
      "epochs": 25,
      "lr": 0.1,
      "alpha": 0.5,
      "temperature": 0.1,
      "weight_scale": 4.0,
      "image_size": 224,
      "freeze_backbone": true,
      "val_eval_acc": 0.8988988995552063,
      "val_eval_worst": 0.40963855385780334,
      "test_acc": 0.887814998626709,
      "test_worst": 0.48909658193588257,
      "val_eval_acc_g0": 0.9880095720291138,
      "test_acc_g0": 0.9920177459716797,
      "val_eval_acc_g1": 0.9519230723381042,
      "test_acc_g1": 0.9521064162254333,
      "val_eval_acc_g2": 0.40963855385780334,
      "test_acc_g2": 0.48909658193588257,
      "val_eval_acc_g3": 0.6746987700462341,
      "test_acc_g3": 0.6947040557861328,
      "walltime_sec": 75.22181105613708
    },
    {
      "method": "dfr",
      "seed": 7,
      "epochs": 25,
      "lr": 0.1,
      "alpha": 0.5,
      "temperature": 0.1,
      "weight_scale": 4.0,
      "image_size": 224,
      "freeze_backbone": true,
      "val_eval_acc": 0.8728728890419006,
      "val_eval_worst": 0.15662650763988495,
      "test_acc": 0.8306869268417358,
      "test_worst": 0.17912772297859192,
      "val_eval_acc_g0": 1.0,
      "test_acc_g0": 0.9995565414428711,
      "val_eval_acc_g1": 0.9975961446762085,
      "test_acc_g1": 0.9964523315429688,
      "val_eval_acc_g2": 0.15662650763988495,
      "test_acc_g2": 0.17912772297859192,
      "val_eval_acc_g3": 0.3253012001514435,
      "test_acc_g3": 0.30685359239578247,
      "walltime_sec": 75.75090956687927
    },
    {
      "method": "dfr",
      "seed": 8,
      "epochs": 25,
      "lr": 0.1,
      "alpha": 0.5,
      "temperature": 0.1,
      "weight_scale": 4.0,
      "image_size": 224,
      "freeze_backbone": true,
      "val_eval_acc": 0.9089089035987854,
      "val_eval_worst": 0.6144578456878662,
      "test_acc": 0.8947186470031738,
      "test_worst": 0.5841121673583984,
      "val_eval_acc_g0": 0.973621129989624,
      "test_acc_g0": 0.9818181991577148,
      "val_eval_acc_g1": 0.9447115659713745,
      "test_acc_g1": 0.9370288252830505,
      "val_eval_acc_g2": 0.6144578456878662,
      "test_acc_g2": 0.5841121673583984,
      "val_eval_acc_g3": 0.6987951993942261,
      "test_acc_g3": 0.7507787942886353,
      "walltime_sec": 75.82288146018982
    },
    {
      "method": "dfr",
      "seed": 9,
      "epochs": 25,
      "lr": 0.1,
      "alpha": 0.5,
      "temperature": 0.1,
      "weight_scale": 4.0,
      "image_size": 224,
      "freeze_backbone": true,
      "val_eval_acc": 0.8938938975334167,
      "val_eval_worst": 0.34939759969711304,
      "test_acc": 0.8921297788619995,
      "test_worst": 0.5171339511871338,
      "val_eval_acc_g0": 0.9808153510093689,
      "test_acc_g0": 0.9893569946289062,
      "val_eval_acc_g1": 0.9495192170143127,
      "test_acc_g1": 0.9556540846824646,
      "val_eval_acc_g2": 0.34939759969711304,