{
  "args": {
    "methods": [
      "fairds-2"
    ],
    "seeds": [
      0
    ],
    "ratios": [
      0.9
    ],
    "strengths": [
      0.9
    ],
    "epochs": 3,
    "n_train": 5000,
    "batch_size": 128,
    "lr": 0.02,
    "alpha": 0.5,
    "temperature": 0.1,
    "weight_scale": 4.0,
    "arm": "parallel",
    "device": "cuda",
    "out_root": "results/e5_resid_smoke"
  },
  "runs": [
    {
      "method": "fairds-2",
      "seed": 0,
      "majority_ratio": 0.9,
      "p_corr_majority": 0.9,
      "arm": "parallel",
      "epochs": 3,
      "lr": 0.02,
      "alpha": 0.5,
      "temperature": 0.1,
      "weight_scale": 4.0,
      "n_train": 5000,
      "val_eval_acc": 0.6359999775886536,
      "val_eval_worst": 0.628000020980835,
      "val_eval_acc_g0": 0.6439999938011169,
      "val_eval_acc_g1": 0.628000020980835,
      "test_acc": 0.6004999876022339,
      "test_worst": 0.5978865623474121,
      "test_acc_aligned": 0.6237623691558838,
      "test_acc_flipped": 0.5978865623474121,
      "w_std_mean": 1.3603340998291968,
      "walltime_sec": 3.4023783206939697
    }
  ],
  "total_walltime_sec": 3.4026575088500977
}