{
  "args": {
    "methods": [
      "fairds-2"
    ],
    "seeds": [
      0,
      1,
      2,
      3,
      4,
      5,
      6,
      7,
      8,
      9
    ],
    "ratios": [
      0.9
    ],
    "strengths": [
      0.9
    ],
    "epochs": 30,
    "n_train": 5000,
    "batch_size": 128,
    "lr": 0.02,
    "alpha": 1.0,
    "temperature": 0.1,
    "weight_scale": 4.0,
    "device": "cuda",
    "out_root": "results/e5_alpha_abl/a1.0"
  },
  "runs": [
    {
      "method": "fairds-2",
      "seed": 0,
      "majority_ratio": 0.9,
      "p_corr_majority": 0.9,
      "epochs": 30,
      "lr": 0.02,
      "alpha": 1.0,
      "temperature": 0.1,
      "weight_scale": 4.0,
      "n_train": 5000,
      "val_eval_acc": 0.550000011920929,
      "val_eval_worst": 0.5360000133514404,
      "val_eval_acc_g0": 0.5360000133514404,
      "val_eval_acc_g1": 0.5640000104904175,
      "test_acc": 0.5074999928474426,
      "test_worst": 0.503337025642395,
      "test_acc_aligned": 0.5445544719696045,
      "test_acc_flipped": 0.503337025642395,
      "w_std_mean": 1.6556589222947757,
      "walltime_sec": 16.871736764907837
    },
    {
      "method": "fairds-2",
      "seed": 1,
      "majority_ratio": 0.9,
      "p_corr_majority": 0.9,
      "epochs": 30,
      "lr": 0.02,
      "alpha": 1.0,
      "temperature": 0.1,
      "weight_scale": 4.0,
      "n_train": 5000,
      "val_eval_acc": 0.7099999785423279,
      "val_eval_worst": 0.6000000238418579,
      "val_eval_acc_g0": 0.8199999928474426,
      "val_eval_acc_g1": 0.6000000238418579,
      "test_acc": 0.43700000643730164,
      "test_worst": 0.39072108268737793,
      "test_acc_aligned": 0.829383909702301,
      "test_acc_flipped": 0.39072108268737793,
      "w_std_mean": 2.387467150191466,
      "walltime_sec": 16.46790385246277
    },
    {
      "method": "fairds-2",
      "seed": 2,
      "majority_ratio": 0.9,
      "p_corr_majority": 0.9,
      "epochs": 30,
      "lr": 0.02,
      "alpha": 1.0,
      "temperature": 0.1,
      "weight_scale": 4.0,
      "n_train": 5000,
      "val_eval_acc": 0.6019999980926514,
      "val_eval_worst": 0.5680000185966492,
      "val_eval_acc_g0": 0.6359999775886536,
      "val_eval_acc_g1": 0.5680000185966492,
      "test_acc": 0.46700000762939453,
      "test_worst": 0.4460511803627014,
      "test_acc_aligned": 0.6534653306007385,
      "test_acc_flipped": 0.4460511803627014,
      "w_std_mean": 1.562127936805288,
      "walltime_sec": 15.99485731124878
    },
    {
      "method": "fairds-2",
      "seed": 3,
      "majority_ratio": 0.9,
      "p_corr_majority": 0.9,
      "epochs": 30,
      "lr": 0.02,
      "alpha": 1.0,
      "temperature": 0.1,
      "weight_scale": 4.0,
      "n_train": 5000,
      "val_eval_acc": 0.7139999866485596,
      "val_eval_worst": 0.6359999775886536,
      "val_eval_acc_g0": 0.7919999957084656,
      "val_eval_acc_g1": 0.6359999775886536,
      "test_acc": 0.5320000052452087,
      "test_worst": 0.5089820623397827,
      "test_acc_aligned": 0.7914110422134399,
      "test_acc_flipped": 0.5089820623397827,
      "w_std_mean": 1.2809046817819278,
      "walltime_sec": 13.72265100479126
    },
    {
      "method": "fairds-2",
      "seed": 4,
      "majority_ratio": 0.9,
      "p_corr_majority": 0.9,
      "epochs": 30,
      "lr": 0.02,
      "alpha": 1.0,
      "temperature": 0.1,
      "weight_scale": 4.0,
      "n_train": 5000,
      "val_eval_acc": 0.7260000109672546,
      "val_eval_worst": 0.656000018119812,
      "val_eval_acc_g0": 0.7960000038146973,
      "val_eval_acc_g1": 0.656000018119812,
      "test_acc": 0.5525000095367432,
      "test_worst": 0.5228031277656555,
      "test_acc_aligned": 0.8168317079544067,
      "test_acc_flipped": 0.5228031277656555,
      "w_std_mean": 2.139622689783573,
      "walltime_sec": 15.205212593078613
    },
    {
      "method": "fairds-2",
      "seed": 5,
      "majority_ratio": 0.9,
      "p_corr_majority": 0.9,
      "epochs": 30,
      "lr": 0.02,
      "alpha": 1.0,
      "temperature": 0.1,
      "weight_scale": 4.0,
      "n_train": 5000,
      "val_eval_acc": 0.6620000004768372,
      "val_eval_worst": 0.5879999995231628,
      "val_eval_acc_g0": 0.7360000014305115,
      "val_eval_acc_g1": 0.5879999995231628,
      "test_acc": 0.4569999873638153,
      "test_worst": 0.413870245218277,
      "test_acc_aligned": 0.8207547068595886,
      "test_acc_flipped": 0.413870245218277,
      "w_std_mean": 1.62468711959819,
      "walltime_sec": 13.586602449417114
    },
    {
      "method": "fairds-2",
      "seed": 6,
      "majority_ratio": 0.9,
      "p_corr_majority": 0.9,
      "epochs": 30,
      "lr": 0.02,
      "alpha": 1.0,
      "temperature": 0.1,
      "weight_scale": 4.0,
      "n_train": 5000,
      "val_eval_acc": 0.7580000162124634,
      "val_eval_worst": 0.6320000290870667,
      "val_eval_acc_g0": 0.8840000033378601,
      "val_eval_acc_g1": 0.6320000290870667,
      "test_acc": 0.29600000381469727,
      "test_worst": 0.2225305289030075,
      "test_acc_aligned": 0.9646464586257935,
      "test_acc_flipped": 0.2225305289030075,
      "w_std_mean": 1.5099842649201551,
      "walltime_sec": 12.270890712738037
    },
    {
      "method": "fairds-2",
      "seed": 7,
      "majority_ratio": 0.9,
      "p_corr_majority": 0.9,
      "epochs": 30,
      "lr": 0.02,
      "alpha": 1.0,
      "temperature": 0.1,
      "weight_scale": 4.0,
      "n_train": 5000,
      "val_eval_acc": 0.722000002861023,
      "val_eval_worst": 0.671999990940094,
      "val_eval_acc_g0": 0.7720000147819519,
      "val_eval_acc_g1": 0.671999990940094,
      "test_acc": 0.45899999141693115,
      "test_worst": 0.41671279072761536,
      "test_acc_aligned": 0.8549222946166992,
      "test_acc_flipped": 0.41671279072761536,
      "w_std_mean": 1.4009386080006758,
      "walltime_sec": 12.132110357284546
    },
    {
      "method": "fairds-2",
      "seed": 8,
      "majority_ratio": 0.9,
      "p_corr_majority": 0.9,
      "epochs": 30,
      "lr": 0.02,
      "alpha": 1.0,
      "temperature": 0.1,
      "weight_scale": 4.0,
      "n_train": 5000,
      "val_eval_acc": 0.722000002861023,
      "val_eval_worst": 0.656000018119812,
      "val_eval_acc_g0": 0.7879999876022339,
      "val_eval_acc_g1": 0.656000018119812,
      "test_acc": 0.5644999742507935,
      "test_worst": 0.5335552096366882,
      "test_acc_aligned": 0.8477157354354858,
      "test_acc_flipped": 0.5335552096366882,
      "w_std_mean": 1.6606533680856228,
      "walltime_sec": 14.161354064941406
    },
    {
      "method": "fairds-2",
      "seed": 9,
      "majority_ratio": 0.9,
      "p_corr_majority": 0.9,
      "epochs": 30,
      "lr": 0.02,
      "alpha": 1.0,
      "temperature": 0.1,
      "weight_scale": 4.0,
      "n_train": 5000,
      "val_eval_acc": 0.7400000095367432,
      "val_eval_worst": 0.6759999990463257,
      "val_eval_acc_g0": 0.8040000200271606,
      "val_eval_acc_g1": 0.6759999990463257,
      "test_acc": 0.5005000233650208,
      "test_worst": 0.46481993794441223,
      "test_acc_aligned": 0.8307692408561707,
      "test_acc_flipped": 0.46481993794441223,
      "w_std_mean": 1.622164095491171,
      "walltime_sec": 12.784828186035156
    }
  ],
  "total_walltime_sec": 143.19862508773804
}