{
  "args": {
    "methods": [
      "fairds-1"
    ],
    "seeds": [
      0,
      1,
      2,
      3,
      4,
      5,
      6,
      7,
      8,
      9
    ],
    "ratios": [
      0.9
    ],
    "strengths": [
      0.9
    ],
    "epochs": 30,
    "n_train": 5000,
    "batch_size": 128,
    "lr": 0.02,
    "alpha": 0.5,
    "temperature": 1.0,
    "weight_scale": 4.0,
    "device": "cuda",
    "out_root": "results/e5_smooth_abl/temp1.0"
  },
  "runs": [
    {
      "method": "fairds-1",
      "seed": 0,
      "majority_ratio": 0.9,
      "p_corr_majority": 0.9,
      "epochs": 30,
      "lr": 0.02,
      "alpha": 0.5,
      "temperature": 1.0,
      "weight_scale": 4.0,
      "n_train": 5000,
      "val_eval_acc": 0.7300000190734863,
      "val_eval_worst": 0.6399999856948853,
      "val_eval_acc_g0": 0.8199999928474426,
      "val_eval_acc_g1": 0.6399999856948853,
      "test_acc": 0.4729999899864197,
      "test_worst": 0.4271412789821625,
      "test_acc_aligned": 0.8811880946159363,
      "test_acc_flipped": 0.4271412789821625,
      "w_std_mean": 1.676409616700063,
      "walltime_sec": 9.722915410995483
    },
    {
      "method": "fairds-1",
      "seed": 1,
      "majority_ratio": 0.9,
      "p_corr_majority": 0.9,
      "epochs": 30,
      "lr": 0.02,
      "alpha": 0.5,
      "temperature": 1.0,
      "weight_scale": 4.0,
      "n_train": 5000,
      "val_eval_acc": 0.7459999918937683,
      "val_eval_worst": 0.6959999799728394,
      "val_eval_acc_g0": 0.7960000038146973,
      "val_eval_acc_g1": 0.6959999799728394,
      "test_acc": 0.4699999988079071,
      "test_worst": 0.42034655809402466,
      "test_acc_aligned": 0.8909952640533447,
      "test_acc_flipped": 0.42034655809402466,
      "w_std_mean": 1.785659534148872,
      "walltime_sec": 9.247418880462646
    },
    {
      "method": "fairds-1",
      "seed": 2,
      "majority_ratio": 0.9,
      "p_corr_majority": 0.9,
      "epochs": 30,
      "lr": 0.02,
      "alpha": 0.5,
      "temperature": 1.0,
      "weight_scale": 4.0,
      "n_train": 5000,
      "val_eval_acc": 0.7160000205039978,
      "val_eval_worst": 0.5879999995231628,
      "val_eval_acc_g0": 0.843999981880188,
      "val_eval_acc_g1": 0.5879999995231628,
      "test_acc": 0.43299999833106995,
      "test_worst": 0.38153505325317383,
      "test_acc_aligned": 0.8910890817642212,
      "test_acc_flipped": 0.38153505325317383,
      "w_std_mean": 1.4743896961584688,
      "walltime_sec": 10.855066537857056
    },
    {
      "method": "fairds-1",
      "seed": 3,
      "majority_ratio": 0.9,
      "p_corr_majority": 0.9,
      "epochs": 30,
      "lr": 0.02,
      "alpha": 0.5,
      "temperature": 1.0,
      "weight_scale": 4.0,
      "n_train": 5000,
      "val_eval_acc": 0.7459999918937683,
      "val_eval_worst": 0.6200000047683716,
      "val_eval_acc_g0": 0.871999979019165,
      "val_eval_acc_g1": 0.6200000047683716,
      "test_acc": 0.4065000116825104,
      "test_worst": 0.3652694523334503,
      "test_acc_aligned": 0.8711656332015991,
      "test_acc_flipped": 0.3652694523334503,
      "w_std_mean": 1.2848379473450284,
      "walltime_sec": 9.187376737594604
    },
    {
      "method": "fairds-1",
      "seed": 4,
      "majority_ratio": 0.9,
      "p_corr_majority": 0.9,
      "epochs": 30,
      "lr": 0.02,
      "alpha": 0.5,
      "temperature": 1.0,
      "weight_scale": 4.0,
      "n_train": 5000,
      "val_eval_acc": 0.7379999756813049,
      "val_eval_worst": 0.6600000262260437,
      "val_eval_acc_g0": 0.8159999847412109,
      "val_eval_acc_g1": 0.6600000262260437,
      "test_acc": 0.5065000057220459,
      "test_worst": 0.4694104492664337,
      "test_acc_aligned": 0.8366336822509766,
      "test_acc_flipped": 0.4694104492664337,
      "w_std_mean": 1.4683741716854275,
      "walltime_sec": 9.20219349861145
    },
    {
      "method": "fairds-1",
      "seed": 5,
      "majority_ratio": 0.9,
      "p_corr_majority": 0.9,
      "epochs": 30,
      "lr": 0.02,
      "alpha": 0.5,
      "temperature": 1.0,
      "weight_scale": 4.0,
      "n_train": 5000,
      "val_eval_acc": 0.7319999933242798,
      "val_eval_worst": 0.6359999775886536,
      "val_eval_acc_g0": 0.828000009059906,
      "val_eval_acc_g1": 0.6359999775886536,
      "test_acc": 0.42250001430511475,
      "test_worst": 0.3685682415962219,
      "test_acc_aligned": 0.8773584961891174,
      "test_acc_flipped": 0.3685682415962219,
      "w_std_mean": 1.5696231778152288,
      "walltime_sec": 12.206517457962036
    },
    {
      "method": "fairds-1",
      "seed": 6,
      "majority_ratio": 0.9,
      "p_corr_majority": 0.9,
      "epochs": 30,
      "lr": 0.02,
      "alpha": 0.5,
      "temperature": 1.0,
      "weight_scale": 4.0,
      "n_train": 5000,
      "val_eval_acc": 0.6700000166893005,
      "val_eval_worst": 0.5680000185966492,
      "val_eval_acc_g0": 0.7720000147819519,
      "val_eval_acc_g1": 0.5680000185966492,
      "test_acc": 0.37400001287460327,
      "test_worst": 0.31964483857154846,
      "test_acc_aligned": 0.868686854839325,
      "test_acc_flipped": 0.31964483857154846,
      "w_std_mean": 1.438498386417826,
      "walltime_sec": 10.373590469360352
    },
    {
      "method": "fairds-1",
      "seed": 7,
      "majority_ratio": 0.9,
      "p_corr_majority": 0.9,
      "epochs": 30,
      "lr": 0.02,
      "alpha": 0.5,
      "temperature": 1.0,
      "weight_scale": 4.0,
      "n_train": 5000,
      "val_eval_acc": 0.7459999918937683,
      "val_eval_worst": 0.6240000128746033,
      "val_eval_acc_g0": 0.8679999709129333,
      "val_eval_acc_g1": 0.6240000128746033,
      "test_acc": 0.335999995470047,
      "test_worst": 0.27172109484672546,
      "test_acc_aligned": 0.9378238320350647,
      "test_acc_flipped": 0.27172109484672546,
      "w_std_mean": 1.4666397111366192,
      "walltime_sec": 9.349816083908081
    },
    {
      "method": "fairds-1",
      "seed": 8,
      "majority_ratio": 0.9,
      "p_corr_majority": 0.9,
      "epochs": 30,
      "lr": 0.02,
      "alpha": 0.5,
      "temperature": 1.0,
      "weight_scale": 4.0,
      "n_train": 5000,
      "val_eval_acc": 0.75,
      "val_eval_worst": 0.6679999828338623,
      "val_eval_acc_g0": 0.8320000171661377,
      "val_eval_acc_g1": 0.6679999828338623,
      "test_acc": 0.5320000052452087,
      "test_worst": 0.4930671155452728,
      "test_acc_aligned": 0.8883248567581177,
      "test_acc_flipped": 0.4930671155452728,
      "w_std_mean": 1.3163562825570503,
      "walltime_sec": 14.526641845703125
    },
    {
      "method": "fairds-1",
      "seed": 9,
      "majority_ratio": 0.9,
      "p_corr_majority": 0.9,
      "epochs": 30,
      "lr": 0.02,
      "alpha": 0.5,
      "temperature": 1.0,
      "weight_scale": 4.0,
      "n_train": 5000,
      "val_eval_acc": 0.7839999794960022,
      "val_eval_worst": 0.6600000262260437,
      "val_eval_acc_g0": 0.9079999923706055,
      "val_eval_acc_g1": 0.6600000262260437,
      "test_acc": 0.3569999933242798,
      "test_worst": 0.2958448827266693,
      "test_acc_aligned": 0.9230769276618958,
      "test_acc_flipped": 0.2958448827266693,
      "w_std_mean": 1.626083762149016,
      "walltime_sec": 12.254476547241211
    }
  ],
  "total_walltime_sec": 106.92650961875916
}