{
  "args": {
    "methods": [
      "fairds-2"
    ],
    "seeds": [
      0,
      1,
      2,
      3,
      4,
      5,
      6,
      7,
      8,
      9
    ],
    "ratios": [
      0.9
    ],
    "strengths": [
      0.9
    ],
    "epochs": 30,
    "n_train": 5000,
    "batch_size": 128,
    "lr": 0.02,
    "alpha": 0.25,
    "temperature": 0.1,
    "weight_scale": 4.0,
    "device": "cuda",
    "out_root": "results/e5_alpha_abl/a0.25"
  },
  "runs": [
    {
      "method": "fairds-2",
      "seed": 0,
      "majority_ratio": 0.9,
      "p_corr_majority": 0.9,
      "epochs": 30,
      "lr": 0.02,
      "alpha": 0.25,
      "temperature": 0.1,
      "weight_scale": 4.0,
      "n_train": 5000,
      "val_eval_acc": 0.7559999823570251,
      "val_eval_worst": 0.6600000262260437,
      "val_eval_acc_g0": 0.8519999980926514,
      "val_eval_acc_g1": 0.6600000262260437,
      "test_acc": 0.4620000123977661,
      "test_worst": 0.4143492877483368,
      "test_acc_aligned": 0.8861386179924011,
      "test_acc_flipped": 0.4143492877483368,
      "w_std_mean": 2.8648137661814688,
      "walltime_sec": 12.833404779434204
    },
    {
      "method": "fairds-2",
      "seed": 1,
      "majority_ratio": 0.9,
      "p_corr_majority": 0.9,
      "epochs": 30,
      "lr": 0.02,
      "alpha": 0.25,
      "temperature": 0.1,
      "weight_scale": 4.0,
      "n_train": 5000,
      "val_eval_acc": 0.7379999756813049,
      "val_eval_worst": 0.6959999799728394,
      "val_eval_acc_g0": 0.7799999713897705,
      "val_eval_acc_g1": 0.6959999799728394,
      "test_acc": 0.5145000219345093,
      "test_worst": 0.47233089804649353,
      "test_acc_aligned": 0.8720378875732422,
      "test_acc_flipped": 0.47233089804649353,
      "w_std_mean": 2.9865708058079083,
      "walltime_sec": 12.299289226531982
    },
    {
      "method": "fairds-2",
      "seed": 2,
      "majority_ratio": 0.9,
      "p_corr_majority": 0.9,
      "epochs": 30,
      "lr": 0.02,
      "alpha": 0.25,
      "temperature": 0.1,
      "weight_scale": 4.0,
      "n_train": 5000,
      "val_eval_acc": 0.7059999704360962,
      "val_eval_worst": 0.628000020980835,
      "val_eval_acc_g0": 0.7839999794960022,
      "val_eval_acc_g1": 0.628000020980835,
      "test_acc": 0.5450000166893005,
      "test_worst": 0.5116796493530273,
      "test_acc_aligned": 0.8415841460227966,
      "test_acc_flipped": 0.5116796493530273,
      "w_std_mean": 3.0620630189528066,
      "walltime_sec": 12.260350227355957
    },
    {
      "method": "fairds-2",
      "seed": 3,
      "majority_ratio": 0.9,
      "p_corr_majority": 0.9,
      "epochs": 30,
      "lr": 0.02,
      "alpha": 0.25,
      "temperature": 0.1,
      "weight_scale": 4.0,
      "n_train": 5000,
      "val_eval_acc": 0.7099999785423279,
      "val_eval_worst": 0.5960000157356262,
      "val_eval_acc_g0": 0.8240000009536743,
      "val_eval_acc_g1": 0.5960000157356262,
      "test_acc": 0.47699999809265137,
      "test_worst": 0.4469243288040161,
      "test_acc_aligned": 0.8159509301185608,
      "test_acc_flipped": 0.4469243288040161,
      "w_std_mean": 2.4602612137794493,
      "walltime_sec": 13.841480016708374
    },
    {
      "method": "fairds-2",
      "seed": 4,
      "majority_ratio": 0.9,
      "p_corr_majority": 0.9,
      "epochs": 30,
      "lr": 0.02,
      "alpha": 0.25,
      "temperature": 0.1,
      "weight_scale": 4.0,
      "n_train": 5000,
      "val_eval_acc": 0.7179999947547913,
      "val_eval_worst": 0.6639999747276306,
      "val_eval_acc_g0": 0.7720000147819519,
      "val_eval_acc_g1": 0.6639999747276306,
      "test_acc": 0.515500009059906,
      "test_worst": 0.486095666885376,
      "test_acc_aligned": 0.7772276997566223,
      "test_acc_flipped": 0.486095666885376,
      "w_std_mean": 2.838485969255368,
      "walltime_sec": 12.39056944847107
    },
    {
      "method": "fairds-2",
      "seed": 5,
      "majority_ratio": 0.9,
      "p_corr_majority": 0.9,
      "epochs": 30,
      "lr": 0.02,
      "alpha": 0.25,
      "temperature": 0.1,
      "weight_scale": 4.0,
      "n_train": 5000,
      "val_eval_acc": 0.7360000014305115,
      "val_eval_worst": 0.6679999828338623,
      "val_eval_acc_g0": 0.8040000200271606,
      "val_eval_acc_g1": 0.6679999828338623,
      "test_acc": 0.5174999833106995,
      "test_worst": 0.48322147130966187,
      "test_acc_aligned": 0.8066037893295288,
      "test_acc_flipped": 0.48322147130966187,
      "w_std_mean": 2.7248435071110726,
      "walltime_sec": 14.39997386932373
    },
    {
      "method": "fairds-2",
      "seed": 6,
      "majority_ratio": 0.9,
      "p_corr_majority": 0.9,
      "epochs": 30,
      "lr": 0.02,
      "alpha": 0.25,
      "temperature": 0.1,
      "weight_scale": 4.0,
      "n_train": 5000,
      "val_eval_acc": 0.7279999852180481,
      "val_eval_worst": 0.5879999995231628,
      "val_eval_acc_g0": 0.8679999709129333,
      "val_eval_acc_g1": 0.5879999995231628,
      "test_acc": 0.3630000054836273,
      "test_worst": 0.29966703057289124,
      "test_acc_aligned": 0.939393937587738,
      "test_acc_flipped": 0.29966703057289124,
      "w_std_mean": 2.8891642303516467,
      "walltime_sec": 14.030050277709961
    },
    {
      "method": "fairds-2",
      "seed": 7,
      "majority_ratio": 0.9,
      "p_corr_majority": 0.9,
      "epochs": 30,
      "lr": 0.02,
      "alpha": 0.25,
      "temperature": 0.1,
      "weight_scale": 4.0,
      "n_train": 5000,
      "val_eval_acc": 0.7300000190734863,
      "val_eval_worst": 0.6679999828338623,
      "val_eval_acc_g0": 0.7919999957084656,
      "val_eval_acc_g1": 0.6679999828338623,
      "test_acc": 0.4375,
      "test_worst": 0.3912562131881714,
      "test_acc_aligned": 0.8704662919044495,
      "test_acc_flipped": 0.3912562131881714,
      "w_std_mean": 2.840503442436457,
      "walltime_sec": 11.62253212928772
    },
    {
      "method": "fairds-2",
      "seed": 8,
      "majority_ratio": 0.9,
      "p_corr_majority": 0.9,
      "epochs": 30,
      "lr": 0.02,
      "alpha": 0.25,
      "temperature": 0.1,
      "weight_scale": 4.0,
      "n_train": 5000,
      "val_eval_acc": 0.7540000081062317,
      "val_eval_worst": 0.6679999828338623,
      "val_eval_acc_g0": 0.8399999737739563,
      "val_eval_acc_g1": 0.6679999828338623,
      "test_acc": 0.512499988079071,
      "test_worst": 0.4731003940105438,
      "test_acc_aligned": 0.8730964660644531,
      "test_acc_flipped": 0.4731003940105438,
      "w_std_mean": 2.6749340830743313,
      "walltime_sec": 12.854939699172974
    },
    {
      "method": "fairds-2",
      "seed": 9,
      "majority_ratio": 0.9,
      "p_corr_majority": 0.9,
      "epochs": 30,
      "lr": 0.02,
      "alpha": 0.25,
      "temperature": 0.1,
      "weight_scale": 4.0,
      "n_train": 5000,
      "val_eval_acc": 0.7120000123977661,
      "val_eval_worst": 0.5920000076293945,
      "val_eval_acc_g0": 0.8320000171661377,
      "val_eval_acc_g1": 0.5920000076293945,
      "test_acc": 0.39750000834465027,
      "test_worst": 0.35013851523399353,
      "test_acc_aligned": 0.8358974456787109,
      "test_acc_flipped": 0.35013851523399353,
      "w_std_mean": 2.9254255347947278,
      "walltime_sec": 11.998785495758057
    }
  ],
  "total_walltime_sec": 128.53182935714722
}