{
  "args": {
    "methods": [
      "groupdro",
      "jtt"
    ],
    "seeds": [
      0,
      1,
      2,
      3,
      4,
      5,
      6,
      7,
      8,
      9
    ],
    "ratios": [
      0.9
    ],
    "strengths": [
      0.9
    ],
    "epochs": 30,
    "n_train": 1400,
    "batch_size": 64,
    "lr": 0.02,
    "alpha": 0.5,
    "temperature": 0.1,
    "weight_scale": 4.0,
    "arm": null,
    "device": "cuda",
    "out_root": "results/e6_oracle"
  },
  "runs": [
    {
      "method": "groupdro",
      "seed": 0,
      "majority_ratio": 0.9,
      "p_corr_majority": 0.9,
      "arm": null,
      "epochs": 30,
      "lr": 0.02,
      "alpha": 0.5,
      "temperature": 0.1,
      "weight_scale": 4.0,
      "n_train": 1400,
      "val_eval_acc": 0.7333333492279053,
      "val_eval_worst": 0.6866666674613953,
      "val_eval_acc_g0": 0.7799999713897705,
      "val_eval_acc_g1": 0.6866666674613953,
      "test_acc": 0.5450000166893005,
      "test_worst": 0.520370364189148,
      "test_acc_aligned": 0.7666666507720947,
      "test_acc_flipped": 0.520370364189148,
      "walltime_sec": 10.900606632232666
    },
    {
      "method": "groupdro",
      "seed": 1,
      "majority_ratio": 0.9,
      "p_corr_majority": 0.9,
      "arm": null,
      "epochs": 30,
      "lr": 0.02,
      "alpha": 0.5,
      "temperature": 0.1,
      "weight_scale": 4.0,
      "n_train": 1400,
      "val_eval_acc": 0.6600000262260437,
      "val_eval_worst": 0.6399999856948853,
      "val_eval_acc_g0": 0.6399999856948853,
      "val_eval_acc_g1": 0.6800000071525574,
      "test_acc": 0.5766666531562805,
      "test_worst": 0.5569853186607361,
      "test_acc_aligned": 0.7678571343421936,
      "test_acc_flipped": 0.5569853186607361,
      "walltime_sec": 10.381256818771362
    },
    {
      "method": "groupdro",
      "seed": 2,
      "majority_ratio": 0.9,
      "p_corr_majority": 0.9,
      "arm": null,
      "epochs": 30,
      "lr": 0.02,
      "alpha": 0.5,
      "temperature": 0.1,
      "weight_scale": 4.0,
      "n_train": 1400,
      "val_eval_acc": 0.70333331823349,
      "val_eval_worst": 0.6333333253860474,
      "val_eval_acc_g0": 0.7733333110809326,
      "val_eval_acc_g1": 0.6333333253860474,
      "test_acc": 0.5600000023841858,
      "test_worst": 0.5371747016906738,
      "test_acc_aligned": 0.7580645084381104,
      "test_acc_flipped": 0.5371747016906738,
      "walltime_sec": 10.426786661148071
    },
    {
      "method": "groupdro",
      "seed": 3,
      "majority_ratio": 0.9,
      "p_corr_majority": 0.9,
      "arm": null,
      "epochs": 30,
      "lr": 0.02,
      "alpha": 0.5,
      "temperature": 0.1,
      "weight_scale": 4.0,
      "n_train": 1400,
      "val_eval_acc": 0.6700000166893005,
      "val_eval_worst": 0.6266666650772095,
      "val_eval_acc_g0": 0.7133333086967468,
      "val_eval_acc_g1": 0.6266666650772095,
      "test_acc": 0.6383333206176758,
      "test_worst": 0.6206261515617371,
      "test_acc_aligned": 0.8070175647735596,
      "test_acc_flipped": 0.6206261515617371,
      "walltime_sec": 10.42337965965271
    },
    {
      "method": "groupdro",
      "seed": 4,
      "majority_ratio": 0.9,
      "p_corr_majority": 0.9,
      "arm": null,
      "epochs": 30,
      "lr": 0.02,
      "alpha": 0.5,
      "temperature": 0.1,
      "weight_scale": 4.0,
      "n_train": 1400,
      "val_eval_acc": 0.6933333277702332,
      "val_eval_worst": 0.6466666460037231,
      "val_eval_acc_g0": 0.7400000095367432,
      "val_eval_acc_g1": 0.6466666460037231,
      "test_acc": 0.5716666579246521,
      "test_worst": 0.540037214756012,
      "test_acc_aligned": 0.841269850730896,
      "test_acc_flipped": 0.540037214756012,
      "walltime_sec": 10.442421197891235
    },
    {
      "method": "groupdro",
      "seed": 5,
      "majority_ratio": 0.9,
      "p_corr_majority": 0.9,
      "arm": null,
      "epochs": 30,
      "lr": 0.02,
      "alpha": 0.5,
      "temperature": 0.1,
      "weight_scale": 4.0,
      "n_train": 1400,
      "val_eval_acc": 0.7133333086967468,
      "val_eval_worst": 0.6666666865348816,
      "val_eval_acc_g0": 0.7599999904632568,
      "val_eval_acc_g1": 0.6666666865348816,
      "test_acc": 0.5099999904632568,
      "test_worst": 0.4737827777862549,
      "test_acc_aligned": 0.8030303120613098,
      "test_acc_flipped": 0.4737827777862549,
      "walltime_sec": 10.372538328170776
    },
    {
      "method": "groupdro",
      "seed": 6,
      "majority_ratio": 0.9,
      "p_corr_majority": 0.9,
      "arm": null,
      "epochs": 30,
      "lr": 0.02,
      "alpha": 0.5,
      "temperature": 0.1,
      "weight_scale": 4.0,
      "n_train": 1400,
      "val_eval_acc": 0.7233333587646484,
      "val_eval_worst": 0.6600000262260437,
      "val_eval_acc_g0": 0.7866666913032532,
      "val_eval_acc_g1": 0.6600000262260437,
      "test_acc": 0.5116666555404663,
      "test_worst": 0.4863883852958679,
      "test_acc_aligned": 0.795918345451355,
      "test_acc_flipped": 0.4863883852958679,
      "walltime_sec": 10.376373052597046
    },
    {
      "method": "groupdro",
      "seed": 7,
      "majority_ratio": 0.9,
      "p_corr_majority": 0.9,
      "arm": null,
      "epochs": 30,
      "lr": 0.02,
      "alpha": 0.5,
      "temperature": 0.1,
      "weight_scale": 4.0,
      "n_train": 1400,
      "val_eval_acc": 0.699999988079071,
      "val_eval_worst": 0.6200000047683716,
      "val_eval_acc_g0": 0.7799999713897705,
      "val_eval_acc_g1": 0.6200000047683716,
      "test_acc": 0.5116666555404663,
      "test_worst": 0.47752809524536133,
      "test_acc_aligned": 0.7878788113594055,
      "test_acc_flipped": 0.47752809524536133,
      "walltime_sec": 10.3741455078125
    },
    {
      "method": "groupdro",
      "seed": 8,
      "majority_ratio": 0.9,
      "p_corr_majority": 0.9,
      "arm": null,
      "epochs": 30,
      "lr": 0.02,
      "alpha": 0.5,
      "temperature": 0.1,
      "weight_scale": 4.0,
      "n_train": 1400,
      "val_eval_acc": 0.7599999904632568,
      "val_eval_worst": 0.753333330154419,
      "val_eval_acc_g0": 0.7666666507720947,
      "val_eval_acc_g1": 0.753333330154419,
      "test_acc": 0.5066666603088379,
      "test_worst": 0.4862385392189026,
      "test_acc_aligned": 0.7090908885002136,
      "test_acc_flipped": 0.4862385392189026,
      "walltime_sec": 10.410536766052246
    },
    {
      "method": "groupdro",
      "seed": 9,
      "majority_ratio": 0.9,
      "p_corr_majority": 0.9,
      "arm": null,
      "epochs": 30,
      "lr": 0.02,
      "alpha": 0.5,
      "temperature": 0.1,
      "weight_scale": 4.0,
      "n_train": 1400,
      "val_eval_acc": 0.7233333587646484,
      "val_eval_worst": 0.6466666460037231,
      "val_eval_acc_g0": 0.800000011920929,
      "val_eval_acc_g1": 0.6466666460037231,
      "test_acc": 0.5316666960716248,
      "test_worst": 0.5091575384140015,
      "test_acc_aligned": 0.7592592835426331,
      "test_acc_flipped": 0.5091575384140015,
      "walltime_sec": 10.391673564910889
    },
    {
      "method": "jtt",
      "seed": 0,
      "majority_ratio": 0.9,
      "p_corr_majority": 0.9,
      "arm": null,
      "epochs": 30,
      "lr": 0.02,
      "alpha": 0.5,
      "temperature": 0.1,
      "weight_scale": 4.0,
      "n_train": 1400,
      "val_eval_acc": 0.6966666579246521,
      "val_eval_worst": 0.6399999856948853,
      "val_eval_acc_g0": 0.753333330154419,
      "val_eval_acc_g1": 0.6399999856948853,
      "test_acc": 0.5899999737739563,
      "test_worst": 0.5703703761100769,
      "test_acc_aligned": 0.7666666507720947,
      "test_acc_flipped": 0.5703703761100769,
      "walltime_sec": 10.11491870880127
    },
    {
      "method": "jtt",
      "seed": 1,
      "majority_ratio": 0.9,
      "p_corr_majority": 0.9,
      "arm": null,
      "epochs": 30,
      "lr": 0.02,
      "alpha": 0.5,
      "temperature": 0.1,
      "weight_scale": 4.0,
      "n_train": 1400,
      "val_eval_acc": 0.6833333373069763,