{
  "args": {
    "methods": [
      "fairds-2"
    ],
    "seeds": [
      0,
      1,
      2,
      3,
      4,
      5,
      6,
      7,
      8,
      9
    ],
    "ratios": [
      0.9
    ],
    "strengths": [
      0.9
    ],
    "epochs": 30,
    "n_train": 5000,
    "batch_size": 128,
    "lr": 0.02,
    "alpha": 0.5,
    "temperature": 0.1,
    "weight_scale": 4.0,
    "arm": "residual_real",
    "device": "cuda",
    "out_root": "results/e5_resid_abl/residual_real"
  },
  "runs": [
    {
      "method": "fairds-2",
      "seed": 0,
      "majority_ratio": 0.9,
      "p_corr_majority": 0.9,
      "arm": "residual_real",
      "epochs": 30,
      "lr": 0.02,
      "alpha": 0.5,
      "temperature": 0.1,
      "weight_scale": 4.0,
      "n_train": 5000,
      "val_eval_acc": 0.7440000176429749,
      "val_eval_worst": 0.6759999990463257,
      "val_eval_acc_g0": 0.8119999766349792,
      "val_eval_acc_g1": 0.6759999990463257,
      "test_acc": 0.5139999985694885,
      "test_worst": 0.47775307297706604,
      "test_acc_aligned": 0.8366336822509766,
      "test_acc_flipped": 0.47775307297706604,
      "w_std_mean": 3.520047652522723,
      "walltime_sec": 22.44647526741028
    },
    {
      "method": "fairds-2",
      "seed": 1,
      "majority_ratio": 0.9,
      "p_corr_majority": 0.9,
      "arm": "residual_real",
      "epochs": 30,
      "lr": 0.02,
      "alpha": 0.5,
      "temperature": 0.1,
      "weight_scale": 4.0,
      "n_train": 5000,
      "val_eval_acc": 0.7400000095367432,
      "val_eval_worst": 0.7120000123977661,
      "val_eval_acc_g0": 0.7680000066757202,
      "val_eval_acc_g1": 0.7120000123977661,
      "test_acc": 0.5649999976158142,
      "test_worst": 0.5399664640426636,
      "test_acc_aligned": 0.7772511839866638,
      "test_acc_flipped": 0.5399664640426636,
      "w_std_mean": 3.622595518132051,
      "walltime_sec": 12.333736896514893
    },
    {
      "method": "fairds-2",
      "seed": 2,
      "majority_ratio": 0.9,
      "p_corr_majority": 0.9,
      "arm": "residual_real",
      "epochs": 30,
      "lr": 0.02,
      "alpha": 0.5,
      "temperature": 0.1,
      "weight_scale": 4.0,
      "n_train": 5000,
      "val_eval_acc": 0.6660000085830688,
      "val_eval_worst": 0.5559999942779541,
      "val_eval_acc_g0": 0.7760000228881836,
      "val_eval_acc_g1": 0.5559999942779541,
      "test_acc": 0.476500004529953,
      "test_worst": 0.43993327021598816,
      "test_acc_aligned": 0.801980197429657,
      "test_acc_flipped": 0.43993327021598816,
      "w_std_mean": 3.4189179129401843,
      "walltime_sec": 12.771349906921387
    },
    {
      "method": "fairds-2",
      "seed": 3,
      "majority_ratio": 0.9,
      "p_corr_majority": 0.9,
      "arm": "residual_real",
      "epochs": 30,
      "lr": 0.02,
      "alpha": 0.5,
      "temperature": 0.1,
      "weight_scale": 4.0,
      "n_train": 5000,
      "val_eval_acc": 0.7360000014305115,
      "val_eval_worst": 0.6480000019073486,
      "val_eval_acc_g0": 0.8240000009536743,
      "val_eval_acc_g1": 0.6480000019073486,
      "test_acc": 0.5214999914169312,
      "test_worst": 0.4953728914260864,
      "test_acc_aligned": 0.8159509301185608,
      "test_acc_flipped": 0.4953728914260864,
      "w_std_mean": 3.3968218074242276,
      "walltime_sec": 12.572381973266602
    },
    {
      "method": "fairds-2",
      "seed": 4,
      "majority_ratio": 0.9,
      "p_corr_majority": 0.9,
      "arm": "residual_real",
      "epochs": 30,
      "lr": 0.02,
      "alpha": 0.5,
      "temperature": 0.1,
      "weight_scale": 4.0,
      "n_train": 5000,
      "val_eval_acc": 0.6779999732971191,
      "val_eval_worst": 0.6399999856948853,
      "val_eval_acc_g0": 0.7160000205039978,
      "val_eval_acc_g1": 0.6399999856948853,
      "test_acc": 0.5960000157356262,
      "test_worst": 0.5867630839347839,
      "test_acc_aligned": 0.6782178282737732,
      "test_acc_flipped": 0.5867630839347839,
      "w_std_mean": 3.577246864934762,
      "walltime_sec": 12.751721143722534
    },
    {
      "method": "fairds-2",
      "seed": 5,
      "majority_ratio": 0.9,
      "p_corr_majority": 0.9,
      "arm": "residual_real",
      "epochs": 30,
      "lr": 0.02,
      "alpha": 0.5,
      "temperature": 0.1,
      "weight_scale": 4.0,
      "n_train": 5000,
      "val_eval_acc": 0.7200000286102295,
      "val_eval_worst": 0.6520000100135803,
      "val_eval_acc_g0": 0.7879999876022339,
      "val_eval_acc_g1": 0.6520000100135803,
      "test_acc": 0.550000011920929,
      "test_worst": 0.5190156698226929,
      "test_acc_aligned": 0.8113207817077637,
      "test_acc_flipped": 0.5190156698226929,
      "w_std_mean": 3.4214228618641696,
      "walltime_sec": 12.116706132888794
    },
    {
      "method": "fairds-2",
      "seed": 6,
      "majority_ratio": 0.9,
      "p_corr_majority": 0.9,
      "arm": "residual_real",
      "epochs": 30,
      "lr": 0.02,
      "alpha": 0.5,
      "temperature": 0.1,
      "weight_scale": 4.0,
      "n_train": 5000,
      "val_eval_acc": 0.7480000257492065,
      "val_eval_worst": 0.6439999938011169,
      "val_eval_acc_g0": 0.8519999980926514,
      "val_eval_acc_g1": 0.6439999938011169,
      "test_acc": 0.4104999899864197,
      "test_worst": 0.3579356372356415,
      "test_acc_aligned": 0.8888888955116272,
      "test_acc_flipped": 0.3579356372356415,
      "w_std_mean": 3.6889307949940364,
      "walltime_sec": 17.495604515075684
    },
    {
      "method": "fairds-2",
      "seed": 7,
      "majority_ratio": 0.9,
      "p_corr_majority": 0.9,
      "arm": "residual_real",
      "epochs": 30,
      "lr": 0.02,
      "alpha": 0.5,
      "temperature": 0.1,
      "weight_scale": 4.0,
      "n_train": 5000,
      "val_eval_acc": 0.7099999785423279,
      "val_eval_worst": 0.6639999747276306,
      "val_eval_acc_g0": 0.7559999823570251,
      "val_eval_acc_g1": 0.6639999747276306,
      "test_acc": 0.46399998664855957,
      "test_worst": 0.4222468137741089,
      "test_acc_aligned": 0.8549222946166992,
      "test_acc_flipped": 0.4222468137741089,
      "w_std_mean": 3.5055790080626807,
      "walltime_sec": 12.374090671539307
    },
    {
      "method": "fairds-2",
      "seed": 8,
      "majority_ratio": 0.9,
      "p_corr_majority": 0.9,
      "arm": "residual_real",
      "epochs": 30,
      "lr": 0.02,
      "alpha": 0.5,
      "temperature": 0.1,
      "weight_scale": 4.0,
      "n_train": 5000,
      "val_eval_acc": 0.7020000219345093,
      "val_eval_worst": 0.6359999775886536,
      "val_eval_acc_g0": 0.7680000066757202,
      "val_eval_acc_g1": 0.6359999775886536,
      "test_acc": 0.531000018119812,
      "test_worst": 0.4986134171485901,
      "test_acc_aligned": 0.8274111747741699,
      "test_acc_flipped": 0.4986134171485901,
      "w_std_mean": 3.45624915043513,
      "walltime_sec": 13.106126546859741
    },
    {
      "method": "fairds-2",
      "seed": 9,
      "majority_ratio": 0.9,
      "p_corr_majority": 0.9,
      "arm": "residual_real",
      "epochs": 30,
      "lr": 0.02,
      "alpha": 0.5,
      "temperature": 0.1,
      "weight_scale": 4.0,
      "n_train": 5000,
      "val_eval_acc": 0.7680000066757202,
      "val_eval_worst": 0.6439999938011169,
      "val_eval_acc_g0": 0.8920000195503235,
      "val_eval_acc_g1": 0.6439999938011169,
      "test_acc": 0.35249999165534973,
      "test_worst": 0.28975069522857666,
      "test_acc_aligned": 0.9333333373069763,
      "test_acc_flipped": 0.28975069522857666,
      "w_std_mean": 3.599048089434703,
      "walltime_sec": 12.520877599716187
    }
  ],
  "total_walltime_sec": 140.48951816558838
}