{
  "args": {
    "methods": [
      "fairds-1"
    ],
    "seeds": [
      0,
      1,
      2,
      3,
      4,
      5,
      6,
      7,
      8,
      9
    ],
    "ratios": [
      0.9
    ],
    "strengths": [
      0.9
    ],
    "epochs": 30,
    "n_train": 5000,
    "batch_size": 128,
    "lr": 0.02,
    "alpha": 0.5,
    "temperature": 0.1,
    "weight_scale": 4.0,
    "device": "cuda",
    "out_root": "results/e5_smooth_abl/temp0.1"
  },
  "runs": [
    {
      "method": "fairds-1",
      "seed": 0,
      "majority_ratio": 0.9,
      "p_corr_majority": 0.9,
      "epochs": 30,
      "lr": 0.02,
      "alpha": 0.5,
      "temperature": 0.1,
      "weight_scale": 4.0,
      "n_train": 5000,
      "val_eval_acc": 0.7279999852180481,
      "val_eval_worst": 0.6159999966621399,
      "val_eval_acc_g0": 0.8399999737739563,
      "val_eval_acc_g1": 0.6159999966621399,
      "test_acc": 0.3544999957084656,
      "test_worst": 0.2925472855567932,
      "test_acc_aligned": 0.905940592288971,
      "test_acc_flipped": 0.2925472855567932,
      "w_std_mean": 3.125081301132838,
      "walltime_sec": 15.872113943099976
    },
    {
      "method": "fairds-1",
      "seed": 1,
      "majority_ratio": 0.9,
      "p_corr_majority": 0.9,
      "epochs": 30,
      "lr": 0.02,
      "alpha": 0.5,
      "temperature": 0.1,
      "weight_scale": 4.0,
      "n_train": 5000,
      "val_eval_acc": 0.7319999933242798,
      "val_eval_worst": 0.6759999990463257,
      "val_eval_acc_g0": 0.7879999876022339,
      "val_eval_acc_g1": 0.6759999990463257,
      "test_acc": 0.49149999022483826,
      "test_worst": 0.4471772015094757,
      "test_acc_aligned": 0.8672986030578613,
      "test_acc_flipped": 0.4471772015094757,
      "w_std_mean": 3.040495827794075,
      "walltime_sec": 10.728574514389038
    },
    {
      "method": "fairds-1",
      "seed": 2,
      "majority_ratio": 0.9,
      "p_corr_majority": 0.9,
      "epochs": 30,
      "lr": 0.02,
      "alpha": 0.5,
      "temperature": 0.1,
      "weight_scale": 4.0,
      "n_train": 5000,
      "val_eval_acc": 0.722000002861023,
      "val_eval_worst": 0.628000020980835,
      "val_eval_acc_g0": 0.8159999847412109,
      "val_eval_acc_g1": 0.628000020980835,
      "test_acc": 0.42899999022483826,
      "test_worst": 0.3770856559276581,
      "test_acc_aligned": 0.8910890817642212,
      "test_acc_flipped": 0.3770856559276581,
      "w_std_mean": 3.079231811314821,
      "walltime_sec": 11.376773595809937
    },
    {
      "method": "fairds-1",
      "seed": 3,
      "majority_ratio": 0.9,
      "p_corr_majority": 0.9,
      "epochs": 30,
      "lr": 0.02,
      "alpha": 0.5,
      "temperature": 0.1,
      "weight_scale": 4.0,
      "n_train": 5000,
      "val_eval_acc": 0.7279999852180481,
      "val_eval_worst": 0.5759999752044678,
      "val_eval_acc_g0": 0.8799999952316284,
      "val_eval_acc_g1": 0.5759999752044678,
      "test_acc": 0.3555000126361847,
      "test_worst": 0.3059335947036743,
      "test_acc_aligned": 0.9141104221343994,
      "test_acc_flipped": 0.3059335947036743,
      "w_std_mean": 2.7523618322610854,
      "walltime_sec": 15.147828102111816
    },
    {
      "method": "fairds-1",
      "seed": 4,
      "majority_ratio": 0.9,
      "p_corr_majority": 0.9,
      "epochs": 30,
      "lr": 0.02,
      "alpha": 0.5,
      "temperature": 0.1,
      "weight_scale": 4.0,
      "n_train": 5000,
      "val_eval_acc": 0.7239999771118164,
      "val_eval_worst": 0.6679999828338623,
      "val_eval_acc_g0": 0.7799999713897705,
      "val_eval_acc_g1": 0.6679999828338623,
      "test_acc": 0.5554999709129333,
      "test_worst": 0.5266963243484497,
      "test_acc_aligned": 0.8118811845779419,
      "test_acc_flipped": 0.5266963243484497,
      "w_std_mean": 3.0227348459263643,
      "walltime_sec": 10.843051671981812
    },
    {
      "method": "fairds-1",
      "seed": 5,
      "majority_ratio": 0.9,
      "p_corr_majority": 0.9,
      "epochs": 30,
      "lr": 0.02,
      "alpha": 0.5,
      "temperature": 0.1,
      "weight_scale": 4.0,
      "n_train": 5000,
      "val_eval_acc": 0.7139999866485596,
      "val_eval_worst": 0.5960000157356262,
      "val_eval_acc_g0": 0.8320000171661377,
      "val_eval_acc_g1": 0.5960000157356262,
      "test_acc": 0.39399999380111694,
      "test_worst": 0.33557048439979553,
      "test_acc_aligned": 0.8867924809455872,
      "test_acc_flipped": 0.33557048439979553,
      "w_std_mean": 2.9741883467137815,
      "walltime_sec": 15.444549083709717
    },
    {
      "method": "fairds-1",
      "seed": 6,
      "majority_ratio": 0.9,
      "p_corr_majority": 0.9,
      "epochs": 30,
      "lr": 0.02,
      "alpha": 0.5,
      "temperature": 0.1,
      "weight_scale": 4.0,
      "n_train": 5000,
      "val_eval_acc": 0.7440000176429749,
      "val_eval_worst": 0.6119999885559082,
      "val_eval_acc_g0": 0.8759999871253967,
      "val_eval_acc_g1": 0.6119999885559082,
      "test_acc": 0.3310000002384186,
      "test_worst": 0.2619311809539795,
      "test_acc_aligned": 0.9595959782600403,
      "test_acc_flipped": 0.2619311809539795,
      "w_std_mean": 3.057096955825885,
      "walltime_sec": 14.659473419189453
    },
    {
      "method": "fairds-1",
      "seed": 7,
      "majority_ratio": 0.9,
      "p_corr_majority": 0.9,
      "epochs": 30,
      "lr": 0.02,
      "alpha": 0.5,
      "temperature": 0.1,
      "weight_scale": 4.0,
      "n_train": 5000,
      "val_eval_acc": 0.7279999852180481,
      "val_eval_worst": 0.6480000019073486,
      "val_eval_acc_g0": 0.8080000281333923,
      "val_eval_acc_g1": 0.6480000019073486,
      "test_acc": 0.41200000047683716,
      "test_worst": 0.3608190417289734,
      "test_acc_aligned": 0.8911917209625244,
      "test_acc_flipped": 0.3608190417289734,
      "w_std_mean": 3.038436665038268,
      "walltime_sec": 10.083914518356323
    },
    {
      "method": "fairds-1",
      "seed": 8,
      "majority_ratio": 0.9,
      "p_corr_majority": 0.9,
      "epochs": 30,
      "lr": 0.02,
      "alpha": 0.5,
      "temperature": 0.1,
      "weight_scale": 4.0,
      "n_train": 5000,
      "val_eval_acc": 0.734000027179718,
      "val_eval_worst": 0.628000020980835,
      "val_eval_acc_g0": 0.8399999737739563,
      "val_eval_acc_g1": 0.628000020980835,
      "test_acc": 0.4625000059604645,
      "test_worst": 0.41763725876808167,
      "test_acc_aligned": 0.8730964660644531,
      "test_acc_flipped": 0.41763725876808167,
      "w_std_mean": 2.8173346347610155,
      "walltime_sec": 13.594345808029175
    },
    {
      "method": "fairds-1",
      "seed": 9,
      "majority_ratio": 0.9,
      "p_corr_majority": 0.9,
      "epochs": 30,
      "lr": 0.02,
      "alpha": 0.5,
      "temperature": 0.1,
      "weight_scale": 4.0,
      "n_train": 5000,
      "val_eval_acc": 0.7419999837875366,
      "val_eval_worst": 0.6480000019073486,
      "val_eval_acc_g0": 0.8360000252723694,
      "val_eval_acc_g1": 0.6480000019073486,
      "test_acc": 0.4584999978542328,
      "test_worst": 0.41551247239112854,
      "test_acc_aligned": 0.8564102649688721,
      "test_acc_flipped": 0.41551247239112854,
      "w_std_mean": 3.1592896521588165,
      "walltime_sec": 10.01659107208252
    }
  ],
  "total_walltime_sec": 127.76769781112671
}