{
  "args": {
    "methods": [
      "vanilla",
      "fairds-2",
      "ren2018"
    ],
    "seeds": [
      0
    ],
    "epochs": 2,
    "batch_size": 64,
    "lr": 0.01,
    "alpha": 0.5,
    "temperature": 0.1,
    "weight_scale": 4.0,
    "n_anchor_per_group": 50,
    "image_size": 96,
    "num_workers": 4,
    "warmup_epochs": 0,
    "no_ema": false,
    "freeze_backbone": true,
    "device": "cuda",
    "out_root": "results/e3b_lastlayer_smoke"
  },
  "runs": [
    {
      "method": "vanilla",
      "seed": 0,
      "epochs": 2,
      "lr": 0.01,
      "alpha": 0.5,
      "temperature": 0.1,
      "weight_scale": 4.0,
      "image_size": 96,
      "freeze_backbone": true,
      "val_eval_acc": 0.8258258104324341,
      "val_eval_worst": 0.048192769289016724,
      "test_acc": 0.7758025527000427,
      "test_worst": 0.04984423518180847,
      "val_eval_acc_g0": 0.9976019263267517,
      "test_acc_g0": 0.9986696243286133,
      "val_eval_acc_g1": 0.8653846383094788,
      "test_acc_g1": 0.8487805128097534,
      "val_eval_acc_g2": 0.048192769289016724,
      "test_acc_g2": 0.04984423518180847,
      "val_eval_acc_g3": 0.5421686768531799,
      "test_acc_g3": 0.46261683106422424,
      "walltime_sec": 13.285878419876099
    },
    {
      "method": "fairds-2",
      "seed": 0,
      "epochs": 2,
      "lr": 0.01,
      "alpha": 0.5,
      "temperature": 0.1,
      "weight_scale": 4.0,
      "image_size": 96,
      "freeze_backbone": true,
      "val_eval_acc": 0.7427427172660828,
      "val_eval_worst": 0.14457830786705017,
      "test_acc": 0.7402485609054565,
      "test_worst": 0.15576323866844177,
      "val_eval_acc_g0": 0.9760192036628723,
      "test_acc_g0": 0.9791574478149414,
      "val_eval_acc_g1": 0.6442307829856873,
      "test_acc_g1": 0.6807095408439636,
      "val_eval_acc_g2": 0.14457830786705017,
      "test_acc_g2": 0.15576323866844177,
      "val_eval_acc_g3": 0.6626505851745605,
      "test_acc_g3": 0.6947040557861328,
      "walltime_sec": 18.19930362701416
    },
    {
      "method": "ren2018",
      "seed": 0,
      "epochs": 2,
      "lr": 0.01,
      "alpha": 0.5,
      "temperature": 0.1,
      "weight_scale": 4.0,
      "image_size": 96,
      "freeze_backbone": true,
      "val_eval_acc": 0.6216216087341309,
      "val_eval_worst": 0.3389423191547394,
      "test_acc": 0.6234035491943359,
      "test_worst": 0.34057649970054626,
      "val_eval_acc_g0": 0.8585131764411926,
      "test_acc_g0": 0.8470066785812378,
      "val_eval_acc_g1": 0.3389423191547394,
      "test_acc_g1": 0.34057649970054626,
      "val_eval_acc_g2": 0.5060241222381592,
      "test_acc_g2": 0.5311526656150818,
      "val_eval_acc_g3": 0.9638554453849792,
      "test_acc_g3": 0.9236760139465332,
      "walltime_sec": 14.207744836807251
    }
  ],
  "total_walltime_sec": 45.69319939613342
}