{
  "args": {
    "methods": [
      "vanilla",
      "fairds-1",
      "fairds-2",
      "ren2018"
    ],
    "seeds": [
      0,
      1,
      2,
      3,
      4
    ],
    "ratios": [
      0.9
    ],
    "epochs": 30,
    "n_train": 5000,
    "batch_size": 128,
    "lr": 0.02,
    "alpha": 0.5,
    "temperature": 0.1,
    "weight_scale": 4.0,
    "device": "cuda",
    "out_root": "results/e5_corrupted_cifar"
  },
  "runs": [
    {
      "method": "vanilla",
      "seed": 0,
      "majority_ratio": 0.9,
      "epochs": 30,
      "lr": 0.02,
      "alpha": 0.5,
      "temperature": 0.1,
      "weight_scale": 4.0,
      "n_train": 5000,
      "val_eval_acc": 0.5419999957084656,
      "val_eval_worst": 0.5320000052452087,
      "val_eval_acc_g0": 0.5320000052452087,
      "val_eval_acc_g1": 0.5519999861717224,
      "test_acc": 0.4975000023841858,
      "test_worst": 0.4933259189128876,
      "test_acc_aligned": 0.5346534848213196,
      "test_acc_flipped": 0.4933259189128876,
      "walltime_sec": 4.146446704864502
    },
    {
      "method": "vanilla",
      "seed": 1,
      "majority_ratio": 0.9,
      "epochs": 30,
      "lr": 0.02,
      "alpha": 0.5,
      "temperature": 0.1,
      "weight_scale": 4.0,
      "n_train": 5000,
      "val_eval_acc": 0.7200000286102295,
      "val_eval_worst": 0.5559999942779541,
      "val_eval_acc_g0": 0.8840000033378601,
      "val_eval_acc_g1": 0.5559999942779541,
      "test_acc": 0.1379999965429306,
      "test_worst": 0.036892119795084,
      "test_acc_aligned": 0.9952606558799744,
      "test_acc_flipped": 0.036892119795084,
      "walltime_sec": 3.4118988513946533
    },
    {
      "method": "vanilla",
      "seed": 2,
      "majority_ratio": 0.9,
      "epochs": 30,
      "lr": 0.02,
      "alpha": 0.5,
      "temperature": 0.1,
      "weight_scale": 4.0,
      "n_train": 5000,
      "val_eval_acc": 0.7039999961853027,
      "val_eval_worst": 0.515999972820282,
      "val_eval_acc_g0": 0.8920000195503235,
      "val_eval_acc_g1": 0.515999972820282,
      "test_acc": 0.17550000548362732,
      "test_worst": 0.08453837782144547,
      "test_acc_aligned": 0.9851484894752502,
      "test_acc_flipped": 0.08453837782144547,
      "walltime_sec": 3.3646597862243652
    },
    {
      "method": "vanilla",
      "seed": 3,
      "majority_ratio": 0.9,
      "epochs": 30,
      "lr": 0.02,
      "alpha": 0.5,
      "temperature": 0.1,
      "weight_scale": 4.0,
      "n_train": 5000,
      "val_eval_acc": 0.722000002861023,
      "val_eval_worst": 0.5400000214576721,
      "val_eval_acc_g0": 0.9039999842643738,
      "val_eval_acc_g1": 0.5400000214576721,
      "test_acc": 0.15299999713897705,
      "test_worst": 0.07893304526805878,
      "test_acc_aligned": 0.987730085849762,
      "test_acc_flipped": 0.07893304526805878,
      "walltime_sec": 3.2993080615997314
    },
    {
      "method": "vanilla",
      "seed": 4,
      "majority_ratio": 0.9,
      "epochs": 30,
      "lr": 0.02,
      "alpha": 0.5,
      "temperature": 0.1,
      "weight_scale": 4.0,
      "n_train": 5000,
      "val_eval_acc": 0.6940000057220459,
      "val_eval_worst": 0.5559999942779541,
      "val_eval_acc_g0": 0.8320000171661377,
      "val_eval_acc_g1": 0.5559999942779541,
      "test_acc": 0.27149999141693115,
      "test_worst": 0.19688542187213898,
      "test_acc_aligned": 0.9356435537338257,
      "test_acc_flipped": 0.19688542187213898,
      "walltime_sec": 3.3545873165130615
    },
    {
      "method": "fairds-1",
      "seed": 0,
      "majority_ratio": 0.9,
      "epochs": 30,
      "lr": 0.02,
      "alpha": 0.5,
      "temperature": 0.1,
      "weight_scale": 4.0,
      "n_train": 5000,
      "val_eval_acc": 0.7279999852180481,
      "val_eval_worst": 0.6159999966621399,
      "val_eval_acc_g0": 0.8399999737739563,
      "val_eval_acc_g1": 0.6159999966621399,
      "test_acc": 0.3544999957084656,
      "test_worst": 0.2925472855567932,
      "test_acc_aligned": 0.905940592288971,
      "test_acc_flipped": 0.2925472855567932,
      "w_std_mean": 3.125081301132838,
      "walltime_sec": 50.04637384414673
    },
    {
      "method": "fairds-1",
      "seed": 1,
      "majority_ratio": 0.9,
      "epochs": 30,
      "lr": 0.02,
      "alpha": 0.5,
      "temperature": 0.1,
      "weight_scale": 4.0,
      "n_train": 5000,
      "val_eval_acc": 0.7319999933242798,
      "val_eval_worst": 0.6759999990463257,
      "val_eval_acc_g0": 0.7879999876022339,
      "val_eval_acc_g1": 0.6759999990463257,
      "test_acc": 0.49149999022483826,
      "test_worst": 0.4471772015094757,
      "test_acc_aligned": 0.8672986030578613,
      "test_acc_flipped": 0.4471772015094757,
      "w_std_mean": 3.040495827794075,
      "walltime_sec": 49.09512257575989
    },
    {
      "method": "fairds-1",
      "seed": 2,
      "majority_ratio": 0.9,
      "epochs": 30,
      "lr": 0.02,
      "alpha": 0.5,
      "temperature": 0.1,
      "weight_scale": 4.0,
      "n_train": 5000,
      "val_eval_acc": 0.722000002861023,
      "val_eval_worst": 0.628000020980835,
      "val_eval_acc_g0": 0.8159999847412109,
      "val_eval_acc_g1": 0.628000020980835,
      "test_acc": 0.42899999022483826,
      "test_worst": 0.3770856559276581,
      "test_acc_aligned": 0.8910890817642212,
      "test_acc_flipped": 0.3770856559276581,
      "w_std_mean": 3.079231811314821,
      "walltime_sec": 51.16634273529053
    },
    {
      "method": "fairds-1",
      "seed": 3,
      "majority_ratio": 0.9,
      "epochs": 30,
      "lr": 0.02,
      "alpha": 0.5,
      "temperature": 0.1,
      "weight_scale": 4.0,
      "n_train": 5000,
      "val_eval_acc": 0.7279999852180481,
      "val_eval_worst": 0.5759999752044678,
      "val_eval_acc_g0": 0.8799999952316284,
      "val_eval_acc_g1": 0.5759999752044678,
      "test_acc": 0.3555000126361847,
      "test_worst": 0.3059335947036743,
      "test_acc_aligned": 0.9141104221343994,
      "test_acc_flipped": 0.3059335947036743,
      "w_std_mean": 2.7523618322610854,
      "walltime_sec": 50.091289043426514
    },
    {
      "method": "fairds-1",
      "seed": 4,
      "majority_ratio": 0.9,
      "epochs": 30,
      "lr": 0.02,
      "alpha": 0.5,
      "temperature": 0.1,
      "weight_scale": 4.0,
      "n_train": 5000,
      "val_eval_acc": 0.7239999771118164,
      "val_eval_worst": 0.6679999828338623,
      "val_eval_acc_g0": 0.7799999713897705,
      "val_eval_acc_g1": 0.6679999828338623,
      "test_acc": 0.5554999709129333,
      "test_worst": 0.5266963243484497,
      "test_acc_aligned": 0.8118811845779419,
      "test_acc_flipped": 0.5266963243484497,
      "w_std_mean": 3.0227348459263643,
      "walltime_sec": 49.70811057090759
    },
    {
      "method": "fairds-2",
      "seed": 0,
      "majority_ratio": 0.9,
      "epochs": 30,
      "lr": 0.02,
      "alpha": 0.5,
      "temperature": 0.1,
      "weight_scale": 4.0,
      "n_train": 5000,
      "val_eval_acc": 0.734000027179718,
      "val_eval_worst": 0.656000018119812,
      "val_eval_acc_g0": 0.8119999766349792,
      "val_eval_acc_g1": 0.656000018119812,
      "test_acc": 0.47600001096725464,
      "test_worst": 0.4304783046245575,
      "test_acc_aligned": 0.8811880946159363,
      "test_acc_flipped": 0.4304783046245575,
      "w_std_mean": 2.7128627963364123,
      "walltime_sec": 54.54529118537903
    },
    {
      "method": "fairds-2",
      "seed": 1,
      "majority_ratio": 0.9,
      "epochs": 30,
      "lr": 0.02,
      "alpha": 0.5,
      "temperature": 0.1,
      "weight_scale": 4.0,
      "n_train": 5000,
      "val_eval_acc": 0.6899999976158142,
      "val_eval_worst": 0.5960000157356262,
      "val_eval_acc_g0": 0.7839999794960022,
      "val_eval_acc_g1": 0.5960000157356262,
      "test_acc": 0.4325000047683716,
      "test_worst": 0.38792622089385986,
      "test_acc_aligned": 0.8104265332221985,
      "test_acc_flipped": 0.38792622089385986,
      "w_std_mean": 2.8618519886831444,