{
  "args": {
    "epochs": 3,
    "n_total": 200,
    "n_val": 400,
    "batch_size": 32,
    "lr": 0.1,
    "alpha": 0.5,
    "seeds": [
      0
    ],
    "ratios": [
      0.9
    ],
    "methods": [
      "vanilla",
      "fairds-1",
      "fairds-2"
    ],
    "device": "cpu",
    "out_root": "results/e1"
  },
  "runs": [
    {
      "method": "vanilla",
      "majority_ratio": 0.9,
      "seed": 0,
      "epochs": 3,
      "lr": 0.1,
      "alpha": 0.5,
      "final_train_acc": 0.9950000047683716,
      "final_val_acc": 0.9624999761581421,
      "final_val_loss": 0.15456101298332214,
      "train_acc_by_group": {
        "0": 0.9944444298744202,
        "1": 1.0
      },
      "val_acc_by_group": {
        "0": 1.0,
        "1": 0.925000011920929
      },
      "dp_diff": 0.02499997615814209,
      "eo_diff": 0.050000011920928955,
      "phi_per_group_last": {},
      "weight_per_group_last": {},
      "walltime_sec": 0.5513606071472168
    },
    {
      "method": "fairds-1",
      "majority_ratio": 0.9,
      "seed": 0,
      "epochs": 3,
      "lr": 0.1,
      "alpha": 0.5,
      "final_train_acc": 0.9950000047683716,
      "final_val_acc": 0.9649999737739563,
      "final_val_loss": 0.14540642499923706,
      "train_acc_by_group": {
        "0": 0.9944444298744202,
        "1": 1.0
      },
      "val_acc_by_group": {
        "0": 1.0,
        "1": 0.9300000071525574
      },
      "dp_diff": 0.029999971389770508,
      "eo_diff": 0.04000002145767212,
      "phi_per_group_last": {
        "0": {
          "mean": 0.043525550571373764,
          "median": 0.039881689473986626,
          "std": 0.021067212525223696,
          "n": 180,
          "values": [
            0.0953424870967865,
            0.06275477260351181,
            0.06629964709281921,
            0.0468098446726799,
            0.056845273822546005,
            0.038390133529901505,
            0.03854067996144295,
            0.06622209399938583,
            0.0439959354698658,
            0.028744887560606003,
            0.06453597545623779,
            0.034651871770620346,
            0.07990973442792892,
            0.06757953017950058,
            0.053650930523872375,
            0.08569258451461792,
            0.0724579468369484,
            0.057870734483003616,
            0.05245464667677879,
            0.04802027717232704,
            0.08439845591783524,
            0.07489883899688721,
            0.11541218310594559,
            0.029356982558965683,
            0.026427099481225014,
            0.04014565050601959,
            0.04737298935651779,
            0.044389985501766205,
            0.03246134892106056,
            0.045503169298172,
            0.05770670622587204,
            0.038195714354515076,
            0.0402907058596611,
            0.014449890702962875,
            0.026158632710576057,
            0.07107137888669968,
            0.08023443818092346,
            0.07354491949081421,
            0.05159948021173477,
            0.07969924807548523,
            0.0942363291978836,
            0.02705053985118866,
            0.09600100666284561,
            0.035864561796188354,
            0.015958227217197418,
            0.06917273998260498,
            0.028146084398031235,
            0.055741216987371445,
            0.06172846257686615,
            0.02894345112144947,
            0.08453355729579926,
            0.04579854756593704,
            0.06802135705947876,
            0.040955349802970886,
            0.03338427469134331,
            0.03853839263319969,
            0.06429122388362885,
            0.016805773600935936,
            0.033844899386167526,
            0.04850684851408005,
            0.03875315934419632,
            0.025761853903532028,
            0.027171673253178596,
            0.027592824772000313,
            0.02083967812359333,
            0.04603644087910652,
            0.03355000913143158,
            0.03191405534744263,
            0.016572020947933197,
            0.0905296579003334,
            0.03992605581879616,
            0.01925557479262352,
            0.04073094576597214,
            0.05587245896458626,
            0.04161611199378967,
            0.016979925334453583,
            0.04923432320356369,
            0.03147919476032257,
            0.03648951277136803,
            0.06386322528123856,
            0.05738089233636856,
            0.026387112215161324,
            0.03628209978342056,
            0.06147302687168121,
            0.030351707711815834,
            0.043442245572805405,
            0.0587579682469368,
            0.053891368210315704,
            0.03557218238711357,
            0.03743751719594002,
            0.04619298875331879,
            -0.005147893913090229,
            0.023062676191329956,
            0.040806517004966736,
            0.024577759206295013,
            0.032990045845508575,
            0.041862763464450836,
            0.0336616151034832,
            0.037833936512470245,
            0.03865903988480568,
            0.0659046322107315,
            0.05026964843273163,
            0.02909521944820881,
            0.0867534875869751,
            0.025295479223132133,
            0.035816632211208344,
            0.017182746902108192,
            0.05801547318696976,
            0.05549547076225281,
            0.05000806599855423,
            0.02492201328277588,
            0.05455758422613144,
            0.0580107718706131,
            0.05783100426197052,
            0.045507848262786865,
            0.04463540017604828,
            0.053866907954216,
            0.021039240062236786,
            0.03338652104139328,
            0.025100309401750565,
            0.021731730550527573,
            0.0357726514339447,
            0.027947260066866875,
            0.0282227024435997,
            0.06924587488174438,
            0.017259787768125534,
            0.05394387245178223,
            0.029330283403396606,
            0.01580548845231533,
            0.01512391958385706,
            0.028136778622865677,
            0.014786331914365292,
            0.028156375512480736,
            0.05990924313664436,
            0.03045474737882614,
            0.01811051368713379,
            0.023669224232435226,
            0.10081833600997925,
            0.04983885586261749,
            0.05989890918135643,
            0.009781594388186932,
            0.03165409341454506,
            0.04236895591020584,
            0.03669444099068642,
            0.024656999856233597,
            0.016082825139164925,
            0.03358977288007736,
            0.022923123091459274,
            0.07615604996681213,
            0.06093176454305649,
            0.029360435903072357,
            0.046043917536735535,
            0.04322221875190735,
            0.030454512685537338,
            0.021245241165161133,
            0.013479671441018581,
            0.040755778551101685,
            0.0351010225713253,
            0.01822662726044655,
            0.04231597110629082,
            0.020375987514853477,
            0.03119557350873947,
            0.03570253401994705,
            0.015922652557492256,
            0.03367637097835541,
            0.039837323129177094,
            0.05467812344431877,
            0.04358251020312309,
            0.03908424451947212,
            0.1053987443447113,
            0.03384706377983093,
            0.010798079892992973,
            0.06638278067111969,
            0.04632933437824249,
            0.05025602504611015,
            0.05774129927158356,
            0.023030532523989677,
            0.053835853934288025,
            0.0241917222738266,
            0.021575065329670906
          ]
        },
        "1": {
          "mean": 0.03306206120178103,
          "median": 0.018818922340869904,
          "std": 0.029700019157304736,
          "n": 20,